Date,SPY,SPY_Equity,SPY_Drawdown,Equal_Weighted_Sector_Return,Equal_Weighted_Sectors_Equity,Equal_Weighted_Sectors_Drawdown,Equal_Weighted_Rebalanced
2024-06-03,0.0,1.0,0.0,0.0,1.0,0.0,True
2024-06-04,0.0011176521585258836,1.0011176521585259,0.0,-0.004029620940298434,0.9959703790597015,-0.004029620940298462,False
2024-06-05,0.011885062660881296,1.0130159981853444,0.0,0.008383773337536198,1.0043203689686382,0.0,False
2024-06-06,-1.8288546129729966e-05,1.0129974715955314,-1.8288546129729966e-05,0.0004240889673489349,1.0047462901568016,0.0,False
2024-06-07,-0.0012159760875231074,1.01176569089335,-0.001234242395218077,0.000994627738709432,1.005745638687357,0.0,False
2024-06-10,0.003089653838339146,1.0148916966437185,0.0,0.002066871443859382,1.007824385627746,0.0,False
2024-06-11,0.002408456253496727,1.0173360188971219,0.0,0.0018980104907130387,1.009737246884464,0.0,False
2024-06-12,0.008212992649689665,1.0256913921425885,0.0,0.0037832923979598384,1.013557378134539,0.0,False
2024-06-13,0.002013509852188289,1.0277566318659723,0.0,-0.0004311905005885061,1.013120341821286,-0.0004311905005885963,False
2024-06-14,0.0006086167748049487,1.028382141792543,0.0,-0.0020987993612843377,1.0109940054949673,-0.0025290848795256338,False
2024-06-17,0.007958595348801722,1.0365666191230039,0.0,0.009102648898689204,1.0201967289656675,0.0,False
2024-06-18,0.0025408350120808,1.0392003638812257,0.0,0.003834825946875951,1.024109005852823,0.0,False
2024-06-20,-0.002716558424119553,1.036377315378376,-0.002716558424119664,0.0035593150107432084,1.0277541324099921,0.0,False
2024-06-21,-0.0013407223559952497,1.0349878211424017,-0.004053638629504475,-0.003728020118157387,1.0239226443278482,-0.003728020118157538,False
2024-06-24,-0.0032506251621496896,1.0316234636884778,-0.007291086931926705,0.002805720078450003,1.0267954846498184,-0.0009327598206059218,False
2024-06-25,0.0038509844461762643,1.0355962296014527,-0.0034681803481209084,0.004613040217670667,1.0315321335158307,0.0,False
2024-06-26,0.0012479269069416432,1.0368885780010997,-0.002224581476753862,-0.0056679295201514535,1.0256854820852914,-0.0056679295201516045,False
2024-06-27,0.0015765763702069169,1.0385233120317137,-0.0006515123291367386,0.0005337271559813148,1.026232918280576,-0.0051372274920734595,False
2024-06-28,-0.003935065191992049,1.0344366550954653,-0.004584013777640283,0.0021805366814673047,1.028470656802616,-0.002967892723593657,False
2024-07-01,0.0020579089257337646,1.0365654315210924,-0.002535538334775378,0.003522799111392841,1.0320937523184939,0.0,True
2024-07-02,0.006730006783740583,1.0435415239070203,0.0,0.005294793723587401,1.0375584758404237,0.0,False
2024-07-03,0.004462519705327184,1.0481983485207824,0.0,0.004903015054287058,1.0426456406671725,0.0,False
2024-07-05,0.005766370396420806,1.0542426484472698,0.0,-0.0042260110874438985,1.038239408629438,-0.004226011087443915,False
2024-07-08,0.0011538715866978855,1.0554591090847982,0.0,-0.0005716391551575046,1.0376459103310378,-0.004795234489193723,False
2024-07-09,0.0009725098044246483,1.0564855534165525,0.0,-0.0005732801176611861,1.0370510485614726,-0.005365765594262717,False
2024-07-10,0.009895281643110376,1.0669397755194865,0.0,0.008419181204273745,1.0457821692573936,0.0,False
2024-07-11,-0.008622565598673693,1.0577400173152356,-0.008622565598673582,-0.0025976223386989304,1.0430656221331176,-0.0025976223386989794,False
2024-07-12,0.006307401768592014,1.0644116085711604,-0.0023695498155884565,0.004947752293400252,1.0482264524571938,0.0,False
2024-07-15,0.002750288222395536,1.0673390472819948,0.0,0.01047405172470307,1.0592056305394324,0.0,False
2024-07-16,0.005930003592828914,1.0736683716671436,0.0,0.004211546780382579,1.0636665246024937,0.0,False
2024-07-17,-0.014020906922318166,1.0586145673625615,-0.014020906922318277,-0.007030765502550862,1.0561881346951003,-0.007030765502550884,False
2024-07-18,-0.007685202095966237,1.0504789004706463,-0.021598355515017875,-0.0035543561975653,1.0524340658527518,-0.010560131855178567,False
2024-07-19,-0.006640190318583317,1.0435035206458652,-0.028095128642412925,-0.012180872122805653,1.039614501078915,-0.022612372362256217,False
2024-07-22,0.0103096244709584,1.054261650077847,-0.01807515439722107,0.007416095595324002,1.0473243816012012,-0.01536397228200792,False
2024-07-23,-0.0015683944689509621,1.0526081519370378,-0.019615199893989965,-0.005917819050812019,1.0411265054233818,-0.021190870124953243,False
2024-07-24,-0.022662644692026945,1.0287532673897577,-0.04183331228025633,-0.01820691108311249,1.0221708077128666,-0.03901196091992698,False
2024-07-25,-0.0052103090560375875,1.0233931449242486,-0.046825656850476016,0.003653356729141848,1.025905162311557,-0.035501128800728865,False
2024-07-26,0.011199785362203674,1.0348549284885509,-0.03615030879444181,0.010506518228115843,1.0366838535997014,-0.02536760382947656,False
2024-07-29,0.0005876871452474841,1.0354630994272196,-0.03558386672096947,-0.004755518957439933,1.031753883881036,-0.030002486666000694,False
2024-07-30,-0.0050663262889381055,1.0302171055053662,-0.04046991353047702,0.001324392872622357,1.0331203313711486,-0.028717828872879658,False
2024-07-31,0.016254382826145886,1.0469626487322943,-0.024873344171796652,0.013522531144614859,1.0470907332282497,-0.015583635463604084,False
2024-08-01,-0.014160758032394472,1.0321368639946416,-0.038681876795917725,-0.02560490203296844,1.0202800775843113,-0.04078952003720948,True
2024-08-02,-0.018618599406991176,1.0129199211907371,-0.05658027383453512,-0.02615844737120117,0.993591134870937,-0.06588097689522077,False
2024-08-05,-0.029123637608569286,0.9834200084794775,-0.08405608805215381,-0.02812251699734298,0.9656488512921197,-0.09215075500002634,False
2024-08-06,0.009219668190728836,0.9924868146497821,-0.07561138910267651,0.011945452813920383,0.9771839640800463,-0.08130608468172584,False
2024-08-07,-0.006684163635648943,0.9858528703744389,-0.08179015384084443,-0.003623819358269967,0.9736428259144221,-0.084635265476381,False
2024-08-08,0.02311742275053641,1.0086432479487146,-0.06056350865347826,0.024885942000979055,0.9978728448097978,-0.06185555178328461,False
2024-08-09,0.0044093393832576044,1.0130906983455517,-0.05642121433411473,0.0036625280193487712,1.0015275820636609,-0.05841957145549437,False
2024-08-12,0.0005258741573528347,1.0136234565628661,-0.05592501063530675,0.0026223334790687796,1.0041539213723172,-0.05595043357448626,False
2024-08-13,0.016445375091212133,1.0302928745072935,-0.04039934332097217,0.009744078737010062,1.0139384762462464,-0.04675154026759587,False
2024-08-14,0.003155010843296502,1.033543459698135,-0.03737179284391556,0.007830205191996231,1.0218778225673146,-0.0392874092289367,False
2024-08-15,0.017140046217431593,1.0512584423650853,-0.020872300883056805,0.0167762989188414,1.0390211503772386,-0.023170207631066808,False
2024-08-16,0.002241993650433649,1.0536153571178326,-0.01867710279867285,0.002643229440707434,1.0417675216714335,-0.0205882223653171,False
2024-08-19,0.009561318466884128,1.063689309088836,-0.009294362059685701,0.009668550133618168,1.051839903182289,-0.01111873049180001,False
2024-08-20,-0.0016260607383481451,1.061959685665526,-0.010905309600800495,-0.010814217324612282,1.0404650778785764,-0.02181270744850028,False
2024-08-21,0.003436683597532575,1.0656093050984936,-0.007506104101899003,0.0020579723921093215,1.0426063262838043,-0.019799625006117205,False
2024-08-22,-0.007848736322803807,1.0572456186396493,-0.015295926992795583,-0.005319194323404751,1.0370605006314897,-0.02501350127658386,False
2024-08-23,0.010625612969688891,1.0684795013972135,-0.004832842623344713,0.013254802923717283,1.0508065331873317,-0.012090247382719799,False
2024-08-26,-0.0023839189947704176,1.06593233281831,-0.007205240512786593,-0.00037765799931910706,1.0504096876943367,-0.012463339403401053,False
2024-08-27,0.0013730708321384455,1.0673959334135361,-0.005842062986234686,0.0007537073663440104,1.051201389213631,-0.011719025747774725,False
2024-08-28,-0.005805185814678704,1.0611995016822382,-0.011613334539737119,-0.005957952660444295,1.0449383811001027,-0.017607157007587415,False
2024-08-29,8.941711011511977e-05,1.0612943910749342,-0.011524955860435449,0.004156404323207675,1.0492815675047928,-0.013523935147885413,False
2024-08-30,0.00954607361380333,1.071425585458052,-0.002088900323671594,0.008893649009468598,1.0586135094782856,-0.004750563270848884,False
2024-09-03,-0.020578918275010016,1.0493768058971562,-0.022624831289635994,-0.026004817155289198,1.0310844587261838,-0.030631842896894912,True
2024-09-04,-0.0020470571911881397,1.0472286715603785,-0.02462557415723321,-0.0050954561486974,1.0258306130811412,-0.03557121583335743,False
2024-09-05,-0.0024320677304666694,1.044681740501857,-0.026997750823447908,-0.006759432090783267,1.0188965807153727,-0.04209020670632846,False
2024-09-06,-0.01683009220076248,1.0270996504887577,-0.043373468388638536,-0.017748002250007618,1.0008132019083111,-0.05909119187300893,False
2024-09-09,0.011196253508404475,1.0385993185540234,-0.03266283522785207,0.012840929378717328,1.0136645735553036,-0.04700904831603725,False
2024-09-10,0.0043558010091993005,1.0431232505139347,-0.028449307029301596,-0.004111067529669084,1.0094973300409846,-0.05092685847357359,False
2024-09-11,0.010258962261036064,1.0538246125745665,-0.01848220513543175,0.007032401185413711,1.0165965202614369,-0.0442525953880587,False
2024-09-12,0.008423121701785385,1.0627011055386189,-0.010214761296819419,0.006526434930659842,1.0232312713016583,-0.03801497214171201,False
2024-09-13,0.00522267149470057,1.0682512443099021,-0.005045438144768988,0.004530752637573296,1.0278672790829557,-0.033656455939437,False
2024-09-16,0.001476815858716618,1.0698288546885928,-0.0035760734691187013,0.006617155195891022,1.0346688363894259,-0.02726201073584089,False
2024-09-17,0.0004087336229028349,1.0702661297122555,-0.0031688015076808407,0.005442751066653064,1.040300281302317,-0.02196764000719953,False
2024-09-18,-0.002965714357998861,1.067092026084488,-0.006125118105550609,-0.0035310355245855175,1.0366269440528022,-0.025421107014528377,False
2024-09-19,0.01706426753929513,1.0853011699066422,0.0,0.01773561746357786,1.0550121629849605,-0.008136348580460862,False
2024-09-20,-0.001728493464093095,1.083425233927886,-0.0017284934640929839,-0.002636425458887022,1.0522307020590316,-0.010751323162807802,False
2024-09-23,0.0024986851621617845,1.0861323724842133,0.0,0.0035608986280034087,1.0559775889223366,-0.007228708906704129,False
2024-09-24,0.002861487494578041,1.0892403266855333,0.0,-0.0011874895226756546,1.054723626599311,-0.008407614413290632,False
2024-09-25,-0.002205573781180359,1.0868379267795913,-0.002205573781180359,-0.007373801596469359,1.046946303837659,-0.015719419929176803,False
2024-09-26,0.0039645812385114,1.0911467840334044,0.0,-4.325820873930363e-05,1.0469010148159088,-0.015761998143967504,False
2024-09-27,-0.0014503990937563271,1.0895641857266871,-0.0014503990937564382,0.0040973544155793965,1.0511905393116392,-0.011729226221081746,False
2024-09-30,0.004007525213935548,1.093930641673188,0.0,0.004516398766355876,1.0559381349665913,-0.007265801317561049,False
2024-10-01,-0.00895860358689371,1.0841305507028816,-0.00895860358689382,-0.002884493512061781,1.0528922882671417,-0.01012933667286231,True
2024-10-02,0.0004221832658779512,1.0845882524794153,-0.008540202493535931,0.006251563534943766,1.059474511302696,-0.003941097329695831,False
2024-10-03,-0.0018282872845175602,1.0826053135684701,-0.010352875834427233,0.005522255515893395,1.0653252002666858,0.0,False
2024-10-04,0.009087314968778681,1.0924432890397402,-0.001359640709188703,0.012418360604802085,1.0785547927649803,0.0,False
2024-10-07,-0.009040375451706217,1.0825671915471242,-0.010387724498404305,-0.005136380550924357,1.073014924904316,-0.005136380550924469,False
2024-10-08,0.009457661081755386,1.0928057451430047,-0.0010283069943655132,-0.0007935945541276204,1.072163386103414,-0.0059258989014190355,False
2024-10-09,0.006926264849700381,1.1003748071631392,0.0,0.008844420774547914,1.0816460502291767,0.0,False
2024-10-10,-0.0017500368840644986,1.0984491106643084,-0.0017500368840643876,0.001144118287413773,1.0828835812557527,0.0,False
2024-10-11,0.005988234357958255,1.1050268813692572,0.0,0.008972514135675605,1.092599769495861,0.0,False
2024-10-14,0.008178347889252757,1.114064175632071,0.0,0.006313085248707792,1.099497444983407,0.0,False
2024-10-15,-0.007769603150609483,1.1054083391030989,-0.007769603150609594,-0.017369275652204693,1.0803999707825953,-0.017369275652204808,False
2024-10-16,0.004346199138516971,1.1102126638742182,-0.003457172254612395,0.006782068581380706,1.0877273174797646,-0.010705006689506247,False
2024-10-17,8.589744700593371e-05,1.1103080283076787,-0.003371571769876902,0.0035010097174719562,1.0915354613882209,-0.0072414753044799385,False
2024-10-18,0.003846655742334004,1.114579001060528,0.0,0.00019420027022202624,1.0917474378697793,-0.007048681330718898,False
2024-10-21,-0.0016422800212634314,1.1127485502349665,-0.0016422800212635424,-0.002100144477820266,1.0894546105169627,-0.009134022559366461,False
2024-10-22,-0.0005310730001248931,1.1121575995240087,-0.0021724808508103433,-0.00024082795570352943,1.08919223939028,-0.00937265078708982,False
2024-10-23,-0.009137365781024864,1.1019954087310113,-0.011289995879649073,-0.00682933694348897,1.0817537785912505,-0.016137978740299985,False
2024-10-24,0.0021626945959039023,1.1043786882461848,-0.009151718096821915,0.0012387089046660953,1.0830937566294478,-0.014919260093602782,False
2024-10-25,-0.0003452972949489208,1.1039973492725341,-0.009493855328267853,-0.0020954163893958534,1.0808242242205541,-0.016983414420880805,False
2024-10-28,0.003091322288178766,1.1074101608844307,-0.006431881606666079,0.0020134390312365118,1.0830003978995058,-0.015004170459122945,False
2024-10-29,0.0016183796278272933,1.109202370928455,-0.004823911204999476,-0.002431548231386858,1.080367030197402,-0.017399235326366447,False
2024-10-30,-0.0030252091843017137,1.1058468017286731,-0.007834527048819595,-0.0032349728060847753,1.0768720722341227,-0.02057792207932385,False
2024-10-31,-0.019603193652644957,1.084168672724228,-0.027284138950549597,-0.013608285588968035,1.062217689532377,-0.03390617742780899,False
2024-11-01,0.00422069834587524,1.088744621647845,-0.023178598724811428,0.0016174027838441528,1.0639357233804752,-0.03234361458972601,True
2024-11-04,-0.002154001450108689,1.0863994641540173,-0.025282673439655512,0.0030053811286139334,1.067133255725581,-0.029435438350031262,False
2024-11-05,0.012091704251122826,1.099535885173146,-0.013496679798442712,0.01000445505795757,1.0778093424233397,-0.019725468812157643,False
2024-11-06,0.024865703835035058,1.1268766188498547,0.0,0.04220049900987155,1.123293434511106,0.0,False
2024-11-07,0.007732061163874038,1.1355896977909414,0.0,-0.0012188494043589213,1.121924308977532,-0.0012188494043589015,False
2024-11-08,0.0043317116431220715,1.140508744906672,0.0,0.0048414566027998535,1.127356056831073,0.0,False
2024-11-11,0.0009528857307679051,1.1415955194155096,0.0,0.004774909449284954,1.1327390799195445,0.0,False
2024-11-12,-0.00310644007127725,1.1380492213488067,-0.00310644007127725,-0.002365775270583478,1.1300592738162474,-0.002365775270583459,False
2024-11-13,0.0004858730531422939,1.1386021687986096,-0.0026220763536568548,0.0016551729057125049,1.1319297173081173,-0.0007145181319997418,False
2024-11-14,-0.006430102156933848,1.1312808405371282,-0.009035318291773398,-0.0007114573980335421,1.1311243975366845,-0.0014254671808221486,False
2024-11-15,-0.012808639480448747,1.116790672099549,-0.021728227637631714,-0.007102043274710704,1.1230911031162978,-0.008517386725928056,False
2024-11-18,0.004097197010638043,1.1213663835027838,-0.01772005545631694,0.006578952071745606,1.1304798656559039,-0.001994470133228843,False
2024-11-19,0.003655686791583568,1.1254657477794807,-0.014129147637411243,-0.0017595233533174276,1.1284907599318272,-0.003750484169769308,False
2024-11-20,0.00033861666072065866,1.1258468492327494,-0.013795315341482373,0.0021357597045193913,1.1309009450238119,-0.001622734598212272,False
2024-11-21,0.005368353297815709,1.1318907928786635,-0.008501020170274431,0.010305882464303967,1.1425558772419975,0.0,False
2024-11-22,0.003099394453447868,1.1353989689240203,-0.005427973731590985,0.0044221368451277405,1.1476084156843667,0.0,False
2024-11-25,0.003392210018917652,1.139250480681873,-0.0020541765395480915,-0.004567414922430509,1.1423668118814632,-0.004567414922430402,False
2024-11-26,0.005221276438269529,1.1451988223739447,0.0,0.001829388195326795,1.1444566442418522,-0.0027463823020458245,False
2024-11-27,-0.0030298813060565255,1.141729005870316,-0.0030298813060564145,-0.004088682020938528,1.139777324936797,-0.0068238352390432855,False
2024-11-29,0.006212153757098493,1.1488216020037216,0.0,0.004970673858866551,1.1454427862907894,-0.0018870804396164953,False
2024-12-02,0.0017923271897524184,1.1508806661971678,0.0,-0.0038681203478804164,1.1410120757418052,-0.005747901333250316,True
2024-12-03,0.0004637390430815014,1.151414374496011,0.0,-0.0013264115752115995,1.139498624117085,-0.0070666888256003535,False
2024-12-04,0.006209613761900323,1.1585642130415312,0.0,-0.0031737297249709567,1.1358821634621612,-0.01021799079018837,False
2024-12-05,-0.0016457394823613525,1.1566575181732779,-0.0016457394823613525,0.0005320180343683849,1.1364864732580404,-0.009691408911195354,False
2024-12-06,0.0018957972729021222,1.1588503063419124,0.0,-0.004305490931172598,1.1315933410540275,-0.013955173569190515,False
2024-12-09,-0.005149570061269371,1.1528827254988814,-0.00514957006126926,-0.007332418132502595,1.1232960255214637,-0.021185266533972347,False
2024-12-10,-0.0031091964247177417,1.1492981866506413,-0.00824275546116382,-0.007051765133657935,1.115374805773915,-0.028087638143738602,False
2024-12-11,0.007730636209670516,1.1581829928280714,-0.0005758409953288135,0.006154607484742554,1.1222394999018244,-0.022105899046944266,False
2024-12-12,-0.005152639643455803,1.152215293224849,-0.005725513537643834,-0.00600909112357778,1.115495860484436,-0.02798215380878033,False
2024-12-13,-0.000198618165903941,1.1519864423365822,-0.005922994512550184,-0.0004176526136213507,1.1150299707228208,-0.02838811960272869,False
2024-12-16,0.004270056430311087,1.1569054894523128,-0.0016782296030440902,-0.004221939167881016,1.1103223820160648,-0.0324902058565566,False
2024-12-17,-0.004119991056842687,1.152139049182157,-0.005791306368930882,-0.006833951578012294,1.1027344926213838,-0.03910212094098553,False
2024-12-18,-0.02980366423742742,1.1178010838055032,-0.03542236845584246,-0.030630094861655816,1.068957630505171,-0.06853451412892697,False
2024-12-19,-0.0003070465374180875,1.1174578668531985,-0.03571853867767916,-0.0011810745924337451,1.067695111807393,-0.06963464434801836,False
2024-12-20,0.012011119986430563,1.130879787371753,-0.024136438345046085,0.013304977420048917,1.081900771161487,-0.05725615429867292,False
2024-12-23,0.005988208201289202,1.1376517309891647,-0.018292764161804698,0.006368367552932503,1.0887907129280443,-0.051252414980981875,False
2024-12-24,0.011114993282984376,1.150296722337485,-0.0073810948296059165,0.010227853010394422,1.099926704298955,-0.041548764137440686,False
2024-12-26,6.648855168323031e-05,1.1503732039005592,-0.00731509703622768,0.0007964198089585736,1.100802707714661,-0.040785434587279124,False
2024-12-27,-0.010526378817907966,1.1382639397743315,-0.017764474371642525,-0.007187848583550376,1.0928903045312457,-0.04768012364260177,False
2024-12-30,-0.011411585176906436,1.1252745438717957,-0.028973338736133836,-0.007730374607607103,1.0844418530721973,-0.055041913033114565,False
2024-12-31,-0.0036380299989984266,1.1211807613240807,-0.03250596285963925,0.0015965185149112125,1.0861731845689717,-0.05353326995145691,False
2025-01-02,-0.002457229920794113,1.1184257624107365,-0.0348833181558903,0.0020879565249262346,1.0884410669568925,-0.05155708856682639,True
2025-01-03,0.012503512073356093,1.1324100124341916,-0.02281597007225522,0.0111747694793852,1.1006041449720316,-0.04095845766720385,False
2025-01-06,0.005760615382937484,1.1389333909716124,-0.017186788717492574,0.0017159761238790803,1.102492755406646,-0.039312765278752715,False
2025-01-07,-0.01130394116073763,1.1260589549340698,-0.02829645142982573,-0.0042424272260721384,1.0978155101245615,-0.043388410959074086,False
2025-01-08,0.0014610113619921705,1.1277041398615015,-0.0268767815048766,0.0013260697718684813,1.099271290087626,-0.04211987724742783,False
2025-01-10,-0.015267637013657076,1.1104867623952976,-0.04173407357442194,-0.013895185563121967,1.083996711527646,-0.055429799300300786,False
2025-01-13,0.0015505849049237685,1.1122086664061854,-0.040248200894003716,0.00720677516640701,1.0918088321087505,-0.048622494234970004,False
2025-01-14,0.001375843498309326,1.1137388914686237,-0.03892773262121296,0.008645854122719189,1.1012484520010593,-0.040397023104489005,False
2025-01-15,0.018190030783588274,1.1339978361893175,-0.02144579849233985,0.019971663840207824,1.1232422158889737,-0.021232155029869193,False
2025-01-16,-0.0019231018964384061,1.1318170427999847,-0.023327657933027046,0.002215751321777582,1.125731041313506,-0.019063448883663292,False
2025-01-17,0.010040006199192764,1.1431804929260485,-0.013521861564094628,0.010501122385595843,1.1375524807516033,-0.00876251410788631,False
2025-01-21,0.00915327172145064,1.1536443346044625,-0.0044923591157199905,0.0036931280995093716,1.1417536077829338,-0.005101747095451081,False
2025-01-22,0.0056217447976985024,1.1601298286409194,0.0,-0.0005141646071209266,1.141166558487759,-0.005613288564781049,False
2025-01-23,0.005457955612408583,1.1664617657502727,0.0,0.004042626683101852,1.1457798688669654,-0.0015933543118110682,False
2025-01-24,-0.0029193667721001404,1.163056436030416,-0.0029193667721001404,-0.005706712037567289,1.1392412330969,-0.007290973535147072,False
2025-01-27,-0.014145357666793035,1.1466045867561003,-0.01702342895174125,-0.015895828211987414,1.1211320501635789,-0.023070905684321685,False
2025-01-28,0.008592523358097237,1.1564568134503035,-0.008577179804546753,0.004652426043164367,1.1263480341115861,-0.018525815323602424,False
2025-01-29,-0.004482864005106779,1.1512725748278267,-0.013021593479042304,-0.002162321276308132,1.1239125077928989,-0.020648077835275336,False
2025-01-30,0.005366875401984439,1.1574513112906495,-0.007724603346795256,0.005592957027659937,1.130198502151834,-0.015170604619652028,False
2025-01-31,-0.005321911628030085,1.1512914576982132,-0.013005405318452068,-0.013214576798821003,1.115263407247236,-0.02818470829864206,False
2025-02-03,-0.0067295534034903515,1.1435437803506507,-0.019647438152317842,-0.003713923425205204,1.1111214043537865,-0.0317939558754643,True
2025-02-04,0.006708369785656254,1.1512150948953301,-0.013070870647128197,0.0110138064722948,1.1233590804685636,-0.02113032188017039,False
2025-02-05,0.004054526223509436,1.155882726686483,-0.009069340611421728,0.008831573071651439,1.133280108273425,-0.012485362790231158,False
2025-02-06,0.0034757319339304704,1.1599002651915058,-0.005625131274274109,-0.002491533064841637,1.1304565034119345,-0.014945788160854345,False
2025-02-07,-0.009153716853202765,1.149282866585988,-0.014727357268530139,-0.004782846231504228,1.1250497037847111,-0.019657150985776695,False
2025-02-10,0.006791328320455037,1.1570880238660473,-0.00803604726657825,0.009561769331564095,1.1358071695388452,-0.010283338797654196,False
2025-02-11,0.0007604384781254581,1.157967918121973,-0.0072817197080062845,0.0036837610380082734,1.1399912117366828,-0.006637459122449396,False
2025-02-12,-0.003221382513584947,1.1542376605192426,-0.010479645017055117,-0.009973346247260841,1.1286216846631985,-0.01654460769167998,False
2025-02-13,0.010557500301983769,1.1664235249687356,-3.278357050351399e-05,0.009483408650095778,1.139324865310219,-0.007218098317279931,False
2025-02-14,-4.9380599289050586e-05,1.1663659262760477,-8.216255092019509e-05,0.003117651781321127,1.142876883506057,-0.0041229500530353125,False
2025-02-18,0.002936101607280417,1.169790495146864,0.0,0.009975980078036812,1.1542782005275622,0.0,False
2025-02-19,0.00235491859815129,1.172545256539826,0.0,0.002773003622797501,1.1574790181593413,0.0,False
2025-02-20,-0.004160345694787626,1.167667062929837,-0.004160345694787626,-0.0030281369739950776,1.1539740131478295,-0.003028136973994955,False
2025-02-21,-0.01710410610424462,1.1476951615910533,-0.02119329280483817,-0.02024971698215996,1.1306063659768186,-0.023216535039448427,False
2025-02-24,-0.004550509873166075,1.1424725634268482,-0.02564736238985099,-0.0033537373105020103,1.126814609223751,-0.026492410190168125,False
2025-02-25,-0.004973182941032439,1.1367908383638161,-0.030492996305763853,-0.00927714720001424,1.1163609842268556,-0.03552378340116513,False
2025-02-26,0.0005047975617609168,1.1373646876072543,-0.030003591534188967,0.000997440113224224,1.117474487453362,-0.03456177613447864,False
2025-02-27,-0.015961911190013223,1.1192101734730102,-0.0454865880607519,-0.008627138358266062,1.1078338804382692,-0.04289074526812531,False
2025-02-28,0.01560549055036331,1.1366759972590137,-0.030590938030539028,0.016434308184057625,1.1260403638461323,-0.027161316810047853,False
2025-03-03,-0.01751987501654706,1.1167615758527267,-0.047574863636152154,-0.024592953209881065,1.0983477058656268,-0.051086293026500695,True
2025-03-04,-0.011836867992038314,1.1035426165007773,-0.05884859424759015,-0.015210797459594165,1.0816409613714948,-0.06552002722990735,False
2025-03-05,0.010747839611165988,1.1154033155470142,-0.04873324988873973,0.0017543783586922816,1.083538568866,-0.06388059578904826,False
2025-03-06,-0.017751263194117906,1.0956034977251474,-0.06561943633777789,-0.013923003752500404,1.0684524573056997,-0.07691418976666575,False
2025-03-07,0.0056049948495140445,1.1017443496870065,-0.0603822380909651,0.00890292864294508,1.0779648132914719,-0.06869602266684316,False
2025-03-10,-0.026635403858402795,1.0723989439843797,-0.08540933665194073,-0.019136057532212616,1.0573368166066255,-0.0865175091570688,False
2025-03-11,-0.00831300007873792,1.0634840914785992,-0.09301232890836608,-0.006849828168196563,1.050094241096962,-0.09277470725399917,False
2025-03-12,0.005306599625433561,1.0691275757600942,-0.08819930847267832,0.007289381557224089,1.0577487786913615,-0.08616159593680917,False
2025-03-13,-0.013330657012063596,1.0548754027454974,-0.10035421075479134,-0.01046730139085765,1.0466770034289874,-0.09572701793467897,False
2025-03-14,0.020655906135268243,1.0766648100490117,-0.08177121177715296,0.02775840422506637,1.0757310867832504,-0.07062584296870367,False
2025-03-17,0.007711226486406764,1.0849672162492439,-0.07469054162482769,0.011610387758471764,1.0882207418246461,-0.059835448632867494,False
2025-03-18,-0.010808489081722827,1.0732403599383866,-0.08469173880289071,-0.0048619523827064205,1.0829298643960212,-0.064406483913523,False
2025-03-19,0.010890847200155651,1.0849288567075157,-0.07472325638915278,0.013531641000830652,1.0975836825501064,-0.051746368331135995,False
2025-03-20,-0.0028915897931346413,1.081791687499183,-0.07739877717680266,-0.0005912071985394105,1.0969347831759833,-0.05230698270421985,False
2025-03-21,0.0003298919546212975,1.0821485618734652,-0.07709441845606957,-0.0027462883909532814,1.0939222839153142,-0.054909621035806766,False
2025-03-24,0.01790848775160092,1.1015282061391887,-0.06056657515310604,0.015860897409196276,1.1112728730341286,-0.03991963949263733,False
2025-03-25,0.002403713718828193,1.1041759645999616,-0.0583084461418758,0.004312800842254832,1.1160655716169252,-0.035779004105208734,False
2025-03-26,-0.011938122033753884,1.0909941771878293,-0.06955047482998944,-0.006202706647996276,1.1091429442762573,-0.041759784086582874,False
2025-03-27,-0.002655735881150312,1.0880967848053456,-0.07202150301958266,-0.007066357671451782,1.101305343523234,-0.048531052187396284,False
2025-03-28,-0.020138321487112032,1.0661843419438426,-0.09070943232490136,-0.015746326928997877,1.0839638295354648,-0.06351319330244332,False
2025-03-31,0.006712800625198856,1.0733414248610205,-0.0846055460337245,0.00803926918779338,1.0926781065509317,-0.05598452377258467,False
2025-04-01,0.0028245533885180585,1.0763731350196484,-0.08201996552694346,0.004042647244086412,1.0970954186870534,-0.0521682022092389,True
2025-04-02,0.006328297594604848,1.0831847445408904,-0.07621071468289242,0.005676083412042866,1.103322623794491,-0.04678822986439213,False
2025-04-03,-0.04928091072982521,1.0298044138412623,-0.12173589198577384,-0.06530218213944983,1.0312732488568876,-0.10903503849525487,False
2025-04-04,-0.05854282631206209,0.9695167529063584,-0.1731519551173688,-0.07690542594982502,0.9519627403828889,-0.1775550783661467,False
2025-04-07,-0.0017811883433037634,0.9677898609674439,-0.17462472721659716,-0.0009204371644076534,0.951086518497509,-0.17831208723769698,False
2025-04-08,-0.01566281471228148,0.9526315476946862,-0.18755242718230247,-0.01561331549469331,0.9362369046214579,-0.19114135985783087,False
2025-04-09,0.10501925332407813,1.052676201526543,-0.10222978972002827,0.09590387010809887,1.0260256471126827,-0.11356868589782276,False
2025-04-10,-0.043818954699414436,1.0065490307386997,-0.1415691418947701,-0.04611890809483542,0.9787064645905489,-0.1544499302052853,False
2025-04-11,0.01784277577362925,1.0245086593993342,-0.1262523525764343,0.020450539515698963,0.9987215398189279,-0.13715797509044647,False
2025-04-14,0.00970139106478829,1.0344478185534292,-0.1177757849568396,0.007810089589205575,1.006521644519583,-0.13041910157457137,False
2025-04-15,-0.0028007924327630995,1.0315505449311364,-0.12024671186233282,0.0016877459074000995,1.0082203973058306,-0.1289514699721005,False
2025-04-16,-0.02222796326408627,1.008621277313359,-0.13980183563251602,-0.015059576771037513,0.9930370248304775,-0.142069092181355,False
2025-04-17,0.0014267171117980926,1.0100602945490256,-0.13857457619187563,0.006081073142248995,0.9990757556114329,-0.1368519515799138,False
2025-04-21,-0.02380270712392807,0.9860181251803666,-0.15907883326388605,-0.02441597564018308,0.9746823462997267,-0.15792655330401018,False
2025-04-22,0.02601775974219156,1.0116721078627555,-0.13719994838562233,0.027712593027922994,1.001693321494232,-0.13459051457610383,False
2025-04-23,0.015495362918822586,1.0273483343289391,-0.12383054845947872,0.013321337464829636,1.0150372162661228,-0.12306210277550766,False
2025-04-24,0.02104903098185429,1.0489730212473853,-0.10538803052864809,0.021621734038915742,1.0369840809958304,-0.10410118479307351,False
2025-04-25,0.0072251980963009554,1.056552059123573,-0.09892428182989554,0.002961341944313075,1.0400549454504684,-0.10144812205374076,False
2025-04-28,0.0003814976130547265,1.0569551312121968,-0.09858052359423208,0.00265487349626055,1.0428161597597996,-0.09906258048796612,False
2025-04-29,0.006299276475910887,1.063613183806335,-0.09290223309158141,0.004264601243415715,1.0472633548513652,-0.09522044164847532,False
2025-04-30,0.00039694175083582195,1.064035376285727,-0.09254216811580551,-0.006191728161213826,1.0407789848449247,-0.10082259071961108,False
2025-05-01,0.007086979683865069,1.0715761733803777,-0.08611103289727806,0.0062539678702172915,1.0472879831761424,-0.09519916409234619,True
2025-05-02,0.014844134866078829,1.0874827946173127,-0.0725451418169838,0.017343914057351063,1.0654520559496459,-0.0795063761553445,False
2025-05-05,-0.005734324171199123,1.0812468157423754,-0.07786346862795879,-0.009920873133981354,1.0548818412722298,-0.08863847661814606,False
2025-05-06,-0.00835843551316362,1.0722092839591792,-0.08557108735976438,-0.004599271223250968,1.0500301535757364,-0.09283007544661448,False
2025-05-07,0.00420552756227166,1.0767184896553932,-0.08172543136391774,0.005440680677671626,1.0557430323432686,-0.08789445356673198,False
2025-05-08,0.006967762571935099,1.0842208084481246,-0.07532711219381527,0.01031601842000185,1.0666340969117105,-0.07848515594874039,False
2025-05-09,-0.0012741118157988396,1.0828393899051458,-0.07650524884591803,0.002906786604601808,1.069734574616625,-0.07580650894411056,False
2025-05-12,0.03304731973987329,1.1186243294502705,-0.04598622252643436,0.03091524681139409,1.1028056830135795,-0.04723483906663384,False
2025-05-13,0.006604073855214221,1.1260118071381995,-0.03968584508110706,0.013335889179803016,1.1175125773891055,-0.0345288684660493,False
2025-05-14,0.0012778715696883935,1.1274507056136749,-0.03845868692456689,-0.0006934307364809154,1.11673765981954,-0.0351983558238399,False
2025-05-15,0.004884496319431886,1.1329577344355857,-0.03376204191986831,0.004042508649961371,1.121252081469098,-0.03129813683176086,False
2025-05-16,0.006333938442399267,1.1401338189833408,-0.02764195017267923,0.002121858456340943,1.1236312196798532,-0.029242688591723964,False
2025-05-19,0.0010938196429841618,1.1413809197501752,-0.026578365837764406,-0.004572691026565412,1.1184932012844544,-0.03368166183857335,False
2025-05-20,-0.003362153676216839,1.1375434216948734,-0.029851158963571933,-0.006094789906963557,1.1116762202102586,-0.03957116909291347,False
2025-05-21,-0.016850775346555102,1.1183749330489414,-0.04619891913659768,-0.019219424202306865,1.0903104433584205,-0.05803005821024232,False
2025-05-22,0.00039470808698149895,1.1188163646792932,-0.04582244613660913,-0.00157199806399045,1.0885964774523125,-0.059510833135073105,False
2025-05-23,-0.006825957405117156,1.1111793718298444,-0.05233562147619952,-0.003960360703443922,1.0842852427411027,-0.06323550947353984,False
2025-05-27,0.020790793819524644,1.1342816730460676,-0.0326329267722032,0.0167862245547507,1.1024862983071573,-0.047510770380645995,False
2025-05-28,-0.005785347040202837,1.1277194599261542,-0.03822948100609136,-0.007749977508722102,1.0939420542916025,-0.05489254048749603,False
2025-05-29,0.003947231240857718,1.1321708294092978,-0.0344331503669828,0.004695259418902156,1.0990783960257484,-0.05045501578634515,False
2025-05-30,-0.0011184011499958402,1.1309046082516947,-0.035513041442010174,-0.00322630488007317,1.0955324340330677,-0.05351853740276258,False
2025-06-02,0.005632921295571913,1.1372749049027762,-0.03008016231384747,0.007401740545747335,1.1036412808692315,-0.046512927185258346,True
2025-06-03,0.005702557269405606,1.143760280179042,-0.024549138892709488,0.009616840446939098,1.1142548229780063,-0.037343394137780095,False
2025-06-04,-0.00026851243178294126,1.1434531663248344,-0.02481105957551022,-0.007897289538279374,1.1054552300215248,-0.04494577208021133,False
2025-06-05,-0.004832756264298466,1.1379271358723462,-0.029523910036221235,-0.002193346106941303,1.1030305840963592,-0.04704053655293694,False
2025-06-06,0.010269030973764526,1.1496125448765064,-0.019558061009085415,0.013532451374199292,1.117957291839898,-0.03414465895225649,False
2025-06-09,0.0009012287764704752,1.1506486087837406,-0.018674458520008153,0.00048273080777830996,1.1184969642664495,-0.033678410823275384,False
2025-06-10,0.005669718390465928,1.157172462361926,-0.013110619050445083,0.008212166754349349,1.1276822478512392,-0.02574281679462831,False
2025-06-11,-0.002851975015019881,1.1538722354112008,-0.015925202907501546,0.0037316591014194584,1.1318903735749424,-0.022107221109796682,False
2025-06-12,0.0039742753822695764,1.1584580414306798,-0.012014218667105059,0.004291793719100459,1.1367482135709617,-0.017910307023401906,False
2025-06-13,-0.011179957269386476,1.1455065300291076,-0.023059857485168145,-0.00540933542309056,1.1305991611921573,-0.023222759588272357,False
2025-06-16,0.009514031506572485,1.156404915246789,-0.013765218189246697,0.00801948773522414,1.1396659872987926,-0.015389506488744376,False
2025-06-17,-0.008545069578243969,1.146523354785382,-0.02219266302030387,-0.0010150677165686808,1.1385091491474142,-0.016388952814102464,False
2025-06-18,-0.0001507130904417897,1.1463505587073186,-0.02234003138591667,-0.0019934062252132062,1.1362396379220416,-0.01834968919875124,False
2025-06-20,-0.0023483706546907346,1.143658502695262,-0.0246359393664759,0.0029297453628101453,1.1395685307322847,-0.015473703752780232,False
2025-06-23,0.009877277029178178,1.1549547345531581,-0.015001998335294475,-0.0009778478920562002,1.1384542060466545,-0.01643642071623952,False
2025-06-24,0.011047290002159427,1.167713854445134,-0.004120439759356831,0.006474699236955667,1.1458253546258539,-0.010068142359953458,False
2025-06-25,0.0005602827185173798,1.168368104337953,-0.003562465652029223,0.0003886873996749795,1.1462707225034252,-0.00968336832035177,False
2025-06-26,0.00782401381575304,1.1775094325281783,0.0,0.009513636957834743,1.157175926012718,-0.00026185541324574846,False
2025-06-27,0.004968321792254926,1.1833596783023939,0.0,-0.001217555169527209,1.1557670004819487,-0.0014790917593608954,False
2025-06-30,0.004781078490475821,1.189017413806822,0.0,0.004157225057194779,1.1605717840166312,0.0,False
2025-07-01,-0.00032361428413474336,1.1886326307876292,-0.00032361428413463234,0.0012437300034085187,1.162015221965522,0.0,True
2025-07-02,0.00453326557880418,1.1940210181786222,0.0,0.009000163894863366,1.1724735494115377,0.0,False
2025-07-03,0.007881499705939321,1.2034316944822823,0.0,0.008358960121568134,1.182274209054662,0.0,False
2025-07-07,-0.007452069870285016,1.1944636374108848,-0.007452069870285016,-0.00905618749417304,1.171567312147938,-0.00905618749417303,False
2025-07-08,-0.0005477352950125081,1.1938093875180658,-0.007995723403608768,0.007829256460526844,1.1807398130955145,-0.0012978342480924887,False
2025-07-09,0.005996656078344209,1.2009682518381104,-0.0020470149286134776,0.001469154866656632,1.182474502738179,0.0,False
2025-07-10,0.002820159388102761,1.204355173728345,0.0,0.003387005398803467,1.1864795502629004,0.0,False
2025-07-11,-0.0035153102217636567,1.2001214916755039,-0.0035153102217636567,-0.0033515430497820958,1.1825030129725083,-0.0033515430497820242,False
2025-07-14,0.0019081841138897104,1.2024115444406567,-0.001613833966994549,-0.001604408515777896,1.1806057950685622,-0.004950574321349821,False
2025-07-15,-0.004273212189356279,1.1972733847723303,-0.005880149901371423,-0.007515307891205303,1.1717331790204806,-0.012428677122292009,False
2025-07-16,0.0033431741923299896,1.2012760782534646,-0.002556634074438735,0.0004124788641780004,1.1722164941912825,-0.012021324824736723,False
2025-07-17,0.006119736739210957,1.2086275716034875,0.0,0.008280737304581771,1.1819233110437781,-0.0038401329530818318,False
2025-07-18,-0.0007324327901533367,1.2077423331389618,-0.0007324327901532257,-0.0027195611239112863,1.178708998355619,-0.006549250600703327,False
2025-07-21,0.001896143492131186,1.2100323859041147,0.0,-0.003913182338084836,1.174096495121512,-0.010436804527009791,False
2025-07-22,0.00014309729281114514,1.2102055382627515,0.0,0.000179870618567357,1.1743076805843473,-0.010258811182928596,False
2025-07-23,0.008507477186705525,1.2205013342707465,0.0,0.009747765157914048,1.1857545560778182,-0.0006110465072250992,False
2025-07-24,0.0003311269877350753,1.2209054752010902,0.0,0.0036155655477064846,1.1900417293988093,0.0,False
2025-07-25,0.00422424088026685,1.2260628740203763,0.0,0.0018080686792766073,1.1921934065767672,0.0,False
2025-07-28,-0.00025097216601477346,1.225755166365213,-0.00025097216601477346,0.004186617300363673,1.197184664118121,0.0,False
2025-07-29,-0.0026376616892719307,1.2225220389224645,-0.0028879718756192885,0.0016099423184427711,1.1991120623718754,0.0,False
2025-07-30,-0.0012592724779846298,1.2209825505651197,-0.004143607610103794,-0.004654374007807197,1.1935309463563237,-0.004654374007807105,False
2025-07-31,-0.0037512610547767444,1.2164023262746229,-0.007879324911026386,-0.006327302002356371,1.1859791156095691,-0.010952226380184116,False
2025-08-01,-0.01639041762130744,1.1964649841514519,-0.02414059710646821,-0.019585503788527116,1.1627511171476839,-0.030323225297449352,True
2025-08-04,0.015199764160073403,1.21465096973634,-0.009307764329096524,0.009336050330387433,1.173606620099089,-0.02127027412461857,False
2025-08-05,-0.005069926343612585,1.2084927787865791,-0.014330500993136819,-0.0037126963983140776,1.1692493750276094,-0.024904000452799058,False
2025-08-06,0.007659758716372034,1.2177495418825623,-0.006780510456656841,0.002330800729170468,1.171974662323506,-0.02263124598604327,False
2025-08-07,-0.0008376363499652539,1.216729510601128,-0.007612467204592299,-0.004698001196720883,1.1664687239573834,-0.027222925562038425,False
2025-08-08,0.007797554069860935,1.2262170247484356,0.0,0.008598616916186614,1.1764987416594062,-0.018858388154097572,False
2025-08-11,-0.00197750115446238,1.2237921791663742,-0.00197750115446238,-0.0050522828955952385,1.170554737190231,-0.02381539313778336,False
2025-08-12,0.010645980769615315,1.236820647171785,0.0,0.01091245853554052,1.1833283672233998,-0.013162819092366496,False
2025-08-13,0.003423132386020322,1.2410544479848173,0.0,0.005789437026640665,1.1901791722872772,-0.007449587377954203,False
2025-08-14,9.310926376882023e-05,1.2411700016507663,0.0,0.0005448186740601022,1.1908276041258168,-0.006908827378211635,False
2025-08-15,-0.0023412933863844465,1.2382640585345226,-0.0023412933863844465,-0.006052941514624004,1.1836195942840435,-0.012919950164780536,False
2025-08-18,-0.0002176166478941033,1.2379945916608965,-0.0025584005298601165,-0.0009702726810680944,1.182471160526933,-0.013877686971162984,False
2025-08-19,-0.005425196437217061,1.231278227812924,-0.007969717141637522,-0.005176367673739208,1.1763502550364524,-0.018982218634678305,False
2025-08-20,-0.002657080804944645,1.228006622068256,-0.010605621764144257,0.0021953381751727416,1.178932741658708,-0.016828552848723755,False
2025-08-21,-0.004011809805612443,1.2230800930604855,-0.014574883832368712,-2.3177280281357245e-05,1.1789054172041218,-0.016851340088919087,False
2025-08-22,0.015356833041096918,1.2418627298455047,0.0,0.016814132915536843,1.1987276895838384,-0.0003205478454422206,False
2025-08-25,-0.004401115665894628,1.236397148330291,-0.004401115665894739,-0.0018232511638495794,1.1965421079286658,-0.002143214570059615,False
2025-08-26,0.004187065214133812,1.241574023820919,-0.00023247821006888714,0.0035659439006186277,1.2008089099602672,0.0,False
2025-08-27,0.002278452752666471,1.2444028915731329,0.0,0.006207093473793614,1.208262443108555,0.0,False
2025-08-28,0.0035415153417788225,1.248809963504993,0.0,0.005593309569902943,1.2150206289945484,0.0,False
2025-08-29,-0.0059638290232071345,1.2413622744001716,-0.0059638290232072455,-0.0023800749347535058,1.21212878885027,-0.002380074934753451,False
2025-09-02,-0.0074102526816088865,1.2321634662774497,-0.013329888224804187,-0.005298939671101718,1.2057057915245468,-0.007666402732363298,True
2025-09-03,0.005419546163007771,1.238841233063312,-0.007982584006378302,-0.0060464756524379664,1.1984155208120901,-0.013666523667338337,False
2025-09-04,0.008357609276254063,1.249194984044568,0.0,0.007355581427092715,1.2072305637589151,-0.006411467467906107,False
2025-09-05,-0.00289647876330712,1.245576717302053,-0.00289647876330712,-0.012194000299440884,1.1925095939029449,-0.018527286331123327,False
2025-09-08,0.0024568640068374226,1.2486369299065472,-0.0004467310108898781,0.002062482783603051,1.1949691244096512,-0.016503015756605066,False
2025-09-09,0.002311693956639438,1.251523396351449,0.0,0.0036641858438013655,1.1993477133590926,-0.012899300029519223,False
2025-09-10,0.002890900188266654,1.2551414255735815,0.0,0.010742505185219818,1.2122317123887343,-0.002295365641752145,False
2025-09-11,0.008310100433307488,1.2655717768781027,0.0,0.00661687396539541,1.2202528968464659,0.0,False
2025-09-12,-0.000334630440747552,1.2651482780366083,-0.000334630440747552,-0.003570152709616867,1.2158964076603715,-0.003570152709616914,False
2025-09-15,0.0053240571686796745,1.2718839997957319,0.0,0.0012688003242785541,1.2174391374167,-0.002305882196254272,False
2025-09-16,-0.0013768848246955567,1.2701327620176401,-0.0013768848246954457,0.0034510873822190887,1.2216406262624584,0.0,False
2025-09-17,-0.0012423635595048,1.2685547953583762,-0.0026175377926684895,0.002765142610672688,1.2250186368130656,0.0,False
2025-09-18,0.0046724054804268,1.2744819977364303,0.0,0.005213879757876428,1.2314057366865667,0.0,False
2025-09-19,0.004952868450893266,1.2807943394142505,0.0,-4.2303625196332684e-05,1.2313536437598174,-4.230362519630493e-05,False
2025-09-22,0.004731049353107419,1.2868538406452,0.0,0.004347768769413368,1.2367072846762597,0.0,False
2025-09-23,-0.005443470649980853,1.2798488895328326,-0.005443470649980853,0.0009510543623681526,1.2378834605343234,0.0,False
2025-09-24,-0.0031816642308674092,1.2757768401000906,-0.008607815584989464,0.0011196226549614972,1.2392694229009398,0.0,False
2025-09-25,-0.004613467564511753,1.2698910850287335,-0.01318157127149866,0.0014642770938382973,1.2410840567299877,0.0,False
2025-09-26,0.005729127602591033,1.2771664530962559,-0.0075279625727247,0.006443573747751513,1.249081073376686,0.0,False
2025-09-29,0.0028103535347194786,1.28075574235214,-0.004738765274230672,-0.0025843563512204883,1.2458530027715156,-0.0025843563512205625,False
2025-09-30,0.003766834755358328,1.285580137595557,-0.0009897806646047558,-0.003118473936370793,1.2419678426538234,-0.005694771039667645,False
2025-10-01,0.0034075722246513784,1.289960844764991,0.0,0.0005342074692321975,1.2426313111519154,-0.00516360575966035,True
2025-10-02,0.0011517326256851312,1.2914465347557633,0.0,-0.001804053753508033,1.2403895374708052,-0.006958344090815971,False
2025-10-03,-1.4805406382656372e-05,1.2914274143649949,-1.480540638254535e-05,0.002381459967230825,1.2433434754980637,-0.0045934551414758,False
2025-10-06,0.003586271966467658,1.29605882429786,0.0,0.004886912994107505,1.249419586884614,0.0,False
2025-10-07,-0.0037075138893177817,1.2912536682054028,-0.0037075138893177817,-0.0012822553901587228,1.2478175118847614,-0.001282255390158693,False
2025-10-08,0.005963055269571305,1.2989534851959483,0.0,0.0022945070831364577,1.2506806380042426,0.0,False
2025-10-09,-0.002896974724933221,1.2951904497804718,-0.002896974724933221,-0.006234312151170809,1.2428835045054987,-0.006234312151170762,False
2025-10-10,-0.027027862178845674,1.2601842208084482,-0.02984653787017766,-0.03054428599293295,1.204920515287984,-0.03658817553078908,False
2025-10-13,0.015344118135168339,1.279520636364608,-0.014960388538015068,0.01587172964138202,1.2240446879459896,-0.02129716351950317,False
2025-10-14,-0.0012216462876413203,1.2779575147292328,-0.016163758522537264,-0.0007131803013042949,1.2231717233866304,-0.021995155103311737,False
2025-10-15,0.004439622839291779,1.2836311640992693,-0.011795896674751005,0.0031299227211133715,1.2270001563554818,-0.018934075517910487,False
2025-10-16,-0.006810318970138396,1.274889226431743,-0.01852588182599557,-0.013038529950003614,1.2110018780681817,-0.03172573295719816,False
2025-10-17,0.0056762988463516795,1.2821258786769638,-0.012954741421280391,0.0059715446834037005,1.2182334298947517,-0.025943639905762095,False
2025-10-20,0.010400500262923273,1.2954606292152444,-0.0026889769499152116,0.011146857870913709,1.2318129047913842,-0.015085972101532175,False
2025-10-21,-1.503455288609512e-05,1.2954411525439027,-0.002703971075235123,-0.0009534897905083333,1.2306383837628492,-0.016025077571661717,False
2025-10-22,-0.005198824867010954,1.2887063808663082,-0.007888738470180345,-0.001079776691921639,1.2293095691198779,-0.017087550758335346,False
2025-10-23,0.005929962705964353,1.2963483616437836,-0.002005555689141292,0.009368776167489438,1.240826695313515,-0.007878864029151278,False
2025-10-24,0.008172554694480416,1.3069428395324176,0.0,0.005467171748120359,1.2476105079664466,-0.002454767383858414,False
2025-10-27,0.011797664492784632,1.3223617126644684,0.0,0.008470799363940903,1.2581787662637747,0.0,False
2025-10-28,0.002656016019079832,1.325873926556323,0.0,-0.0020628954732960945,1.255583274982252,-0.002062895473295967,False
2025-10-29,0.0004802810674313651,1.326510718701049,0.0,-0.0006456908078154638,1.254772556403149,-0.002707254288466854,False
2025-10-30,-0.010998098598900663,1.3119216230242763,-0.010998098598900663,-0.005393525371909884,1.2480049087842124,-0.008086178015683787,False
2025-10-31,0.0032802220875831622,1.3162250173092984,-0.007753952717263091,0.0035860374180674017,1.2524803010850445,-0.004529137934549676,False
2025-11-03,0.0018767398754619968,1.3186952292843634,-0.005891764994057969,0.00010349141362705875,1.2526099220419438,-0.004426115247810003,True
2025-11-04,-0.01185354736001909,1.30306401293061,-0.017675474038685968,-0.010666516089023467,1.239248938155213,-0.015045420107330787,False
2025-11-05,0.0034653852011290454,1.3075796316771435,-0.014271341163713536,0.003325506657012478,1.243370068748744,-0.011769947095042754,False
2025-11-06,-0.010729363869237507,1.293550134020876,-0.024847582620703412,-0.00458084621772773,1.2376743816720803,-0.016296876995137266,False
2025-11-07,0.000984565078659072,1.2948237183103277,-0.02388748160418175,0.006137011637384258,1.2452700037556943,-0.01025987948152518,False
2025-11-10,0.01560437034633999,1.315028627144067,-0.008655860367434931,0.01248802301517259,1.2608209642226993,0.0,False
2025-11-11,0.002289177027853917,1.3180389604682954,-0.006386498136290442,0.0031934039552839874,1.264847274876753,0.0,False
2025-11-12,0.0005563903663643455,1.3187723046483928,-0.005833661155963954,-0.0008871275749846074,1.2637251939810656,-0.0008871275749846586,False
2025-11-13,-0.016593996414786205,1.296888601753138,-0.02233085381844302,-0.011531123839291238,1.2491530222704377,-0.012408021836347483,False
2025-11-14,-0.0001635496688257021,1.2966764960518176,-0.02249075128352207,0.004170313915372749,1.2543623825016421,-0.008289453267100955,False
2025-11-17,-0.009316528985265693,1.284595971891838,-0.031597744532554484,-0.01770001596109574,1.232160148310365,-0.025842745773060227,False
2025-11-18,-0.0083974608943449,1.2738086274528433,-0.03972986460283778,-0.0029260483028849885,1.228554788199519,-0.028693176953534127,False
2025-11-19,0.0038631762831033978,1.2787295747316316,-0.03602017179039896,-0.0011278338434476754,1.2271691825308577,-0.02978864966093764,False
2025-11-20,-0.015242318774626007,1.25923877092703,-0.05071345962427898,-0.016813359887046617,1.2065363454226736,-0.046101162260685724,False
2025-11-21,0.009961232480063087,1.2717823410721432,-0.041257395705401545,0.007118447758319208,1.2151250113660783,-0.03931088321751697,False
2025-11-24,0.014718418739979588,1.2905009661141544,-0.027146220591535153,0.007884211941116584,1.2247053144906404,-0.03173660661127964,False
2025-11-25,0.00940592893130443,1.3026393264872038,-0.017995627081868304,0.002930163078611085,1.2282939007853397,-0.028899436965601266,False
2025-11-26,0.006903582418005261,1.3116322044385431,-0.011216278958586345,0.008994670755726956,1.2393420000141713,-0.020164707130405857,False
2025-11-28,0.0054584342293309,1.3187916625595433,-0.005819068050248677,0.00964979937296484,1.2513014016687969,-0.010709493135664161,False
2025-12-01,-0.004565470301164498,1.3127707583907042,-0.010357971569049385,0.0006220381814210645,1.2520797589171004,-0.010094116667877184,True
2025-12-02,0.0018522768711999316,1.3152023733036589,-0.008524880529019452,-0.0011883224455141,1.2505918844360053,-0.011270444047987271,False
2025-12-03,0.003462749080359595,1.3197565891123029,-0.0050916509708718305,0.011460332809425336,1.2649240836404083,0.0,False
2025-12-04,0.0007310498015529188,1.3207213969048717,-0.004364323419750682,0.0033397727846136826,1.2691486426695529,0.0,False
2025-12-05,0.0018994848443159018,1.3232300871818563,-0.0024731285416261795,0.001202053342149714,1.2706742270371585,0.0,False
2025-12-08,-0.0030042091058060105,1.319254827304868,-0.005469907852147626,-0.0024758373125343606,1.267528244373784,-0.0024758373125344235,False
2025-12-09,-0.000863208114894487,1.3181160358323247,-0.006328394298196538,0.0016709655397077958,1.269646240390739,-0.0008090088116577965,False
2025-12-10,0.006632325948745521,1.326858211020233,0.0,0.008877069137556223,1.2809169778469258,0.0,False
2025-12-11,0.0023269460314641055,1.3299457384686821,0.0,0.0027378164881441368,1.284423893468819,0.0,False
2025-12-12,-0.010752075575282682,1.3156460613776417,-0.010752075575282682,-0.012424479465672014,1.2684655951791972,-0.012424479465671934,False
2025-12-15,-0.0015108085502177904,1.313658372059052,-0.012246639797788728,-0.005251450635968605,1.261804310722689,-0.017610683561049112,False
2025-12-16,-0.002732285145230273,1.3100690828031676,-0.014945463631020672,-0.011585017945270892,1.2471862851395465,-0.02899168142123676,False
2025-12-17,-0.011003593983400228,1.295653614525796,-0.025784603800731443,-0.0003633669326092723,1.246733098884723,-0.029344513735496847,False
2025-12-18,0.00755126270975226,1.3054374353499203,-0.01842804740814541,-0.0003081855751067772,1.2463488737276385,-0.0296436557547618,False
2025-12-19,0.009063506223587092,1.317269275669718,-0.009531563906930551,0.009056333644529164,1.257636224965599,-0.020855784947191425,False
2025-12-22,0.00622989400678442,1.325475723635534,-0.003361050533005283,0.009353749047005956,1.2693998386063512,-0.01169711567875975,False
2025-12-23,0.0045704023396588855,1.3315336809839988,0.0,0.004609098982317426,1.2752506281106255,-0.0071419298604135095,False
2025-12-24,0.003517674396244841,1.3362175829213339,0.0,0.0017244082190906174,1.2774496807751399,-0.005429837243874358,False
2025-12-26,-0.00010140966545213459,1.3360820775432785,-0.00010140966545224561,-0.0013830471853663148,1.2756829075896967,-0.0068053747081235905,False
2025-12-29,-0.0035636535074947684,1.3313207439613404,-0.0036647017840371054,-0.00033756803071696836,1.2752522778227624,-0.007140645461901962,False
2025-12-30,-0.0012211244085722495,1.3296950357052506,-0.004881351135810674,0.0005353988212992247,1.2759350463891679,-0.006609069733766404,False
2025-12-31,-0.0074089416209803804,1.319843402812003,-0.012254127111194335,-0.007645668783135294,1.266179669635682,-0.01420420775875264,False
2026-01-02,0.0018329931020035772,1.3222626666650823,-0.010443595739656697,0.008605288966759838,1.2770755115767336,-0.005721150104300632,True
2026-01-05,0.006660117292359935,1.3310690911163803,-0.003853034019876911,0.0170755584418976,1.2988822891093783,0.0,False
2026-01-06,0.0059472480516442605,1.3389852891751262,0.0,-0.0027526300432742954,1.295306946697699,-0.0027526300432743067,False
2026-01-07,-0.003223412281198157,1.3346691875496555,-0.003223412281198046,-0.008671365586627658,1.284074866615985,-0.011400126568471891,False
2026-01-08,-0.00010152731427326422,1.3345336821716003,-0.0033246123310796127,0.006801398008164889,1.2928083708561215,-0.004676265358442566,False
2026-01-09,0.006613382996888628,1.3433594645340492,0.0,0.004204890759688649,1.2982444888287825,-0.0004910377837494817,False
2026-01-12,0.00157043300066384,1.3454691205689076,0.0,-0.0035425951937108234,1.2936453341423961,-0.004031893429367717,False
2026-01-13,-0.0019995067653818532,1.3427788459597176,-0.0019995067653818532,-0.0022994413774938454,1.2906706725332673,-0.006322063704280345,False
2026-01-14,-0.0049151644595419874,1.3361788670990316,-0.006904843320334031,0.003109747967381655,1.2946843330337368,-0.0032319757616527944,False
2026-01-15,0.002723208385480236,1.3398175605944171,-0.004200438262084161,-0.0001925918866281127,1.29443498733545,-0.003423945195971445,False
2026-01-16,-0.000837905189162047,1.3386949205078646,-0.005034823882229644,0.0013599893289255346,1.296195405105214,-0.0020686123959752223,False
2026-01-20,-0.02035680001149731,1.3114433757346788,-0.025289130990863273,-0.01666416441580749,1.2745953917595265,-0.018698305114703606,False
2026-01-21,0.0115411092816613,1.3265788870507436,-0.014039886333605756,0.014553890990485142,1.2931457141481695,-0.004416547218564548,False
2026-01-22,0.005223257672714476,1.3335079504009923,-0.008889962604907375,0.005692381806121742,1.3005067932840506,0.0,False
2026-01-23,0.00036273518897367296,1.333991660659379,-0.008530452118199139,-0.0019256418594482318,1.2980024829644061,-0.0019256418594482128,False
2026-01-26,0.005078142735685631,1.3407658607204216,-0.0034956282359697166,0.004495557014829689,1.3038377271319632,0.0,False
2026-01-27,0.0039842543077575066,1.3461078128766912,0.0,0.005238754603334669,1.3106682130269771,0.0,False
2026-01-28,-0.0001006645803248718,1.345972307498636,-0.00010066458032476078,0.005300427384935554,1.3176153147158698,0.0,False
2026-01-29,-0.001984377154833794,1.3433013908005969,-0.0020848419786650974,0.0012653576392831355,1.319282569319982,0.0,False
2026-01-30,-0.002982572514766746,1.3392948969933471,-0.0050611963010486205,-0.0035151741494039166,1.314645061336549,-0.0035151741494039435,False
2026-02-02,0.004971400525214165,1.3459530683476766,-0.00011495700978358947,-0.000518605596416438,1.3139632790504385,-0.00403195675683421,True
2026-02-03,-0.008455473390127866,1.334572397993902,-0.00856945838397416,0.0004072670654569673,1.3144984130192154,-0.003626331774573832,False
2026-02-04,-0.004843853725993386,1.3281079245112712,-0.01337180290704465,0.0012907634848505697,1.3161951195716346,-0.0023402490263618736,False
2026-02-05,-0.012489284060324235,1.3115208073792823,-0.025694082722464096,-0.013952863388657716,1.2978304288754334,-0.016260459240059477,False
2026-02-06,0.01918478647681998,1.3366820540287605,-0.00700223173639225,0.02584914152589246,1.331378231308044,0.0,False
2026-02-09,0.004821815563577747,1.3431272883604315,-0.0022141796427808114,0.0056427337210507526,1.3388908441493188,0.0,False
2026-02-10,-0.0026371459581814305,1.3395852656606086,-0.00484548648606653,-0.004555011110589216,1.3327921814783525,-0.004555011110589202,False
2026-02-11,-0.00023112214366449724,1.339275657842388,-0.005075488730507227,0.005215818635691445,1.339743783776011,0.0,False
2026-02-12,-0.01544885969788623,1.3185853761075865,-0.020445937915097634,-0.02134724172715546,1.3111439493712909,-0.021347241727155297,False
2026-02-13,0.0007044991031190939,1.3195143183224403,-0.019755842956902137,0.0030270249476006764,1.3151128148159335,-0.018384835412825207,False
2026-02-17,0.0016134830190519533,1.3216433322684493,-0.018174235654988324,-0.000785680081151196,1.3140795568728658,-0.01915607089499738,False
2026-02-18,0.005037707550576753,1.3283013848625875,-0.0132280845885967,0.012546224543638015,1.3305662940615972,-0.00685018271818183,False
2026-02-19,-0.002637433731113581,1.324798077985066,-0.01583063012321817,-0.0016361683076644875,1.3283892636600072,-0.008475142973980998,False
2026-02-20,0.007231939581382241,1.3343789376425854,-0.008713176702422332,0.0016193310684950333,1.330540365665707,-0.006869535967813589,False
2026-02-23,-0.010211366038766267,1.320753105875897,-0.018835569304519573,-0.014295201056038424,1.311520023625341,-0.021066535626030336,False
2026-02-24,0.00726847527019836,1.3303529671639935,-0.011703999904011275,0.00534981679339,1.3185364154725991,-0.015829420938711092,False
2026-02-25,0.008438306300538434,1.3415788929887535,-0.003364455539604405,0.010096608222265414,1.331849161086416,-0.005892636178049249,False
2026-02-26,-0.005554445579207146,1.3341271660374345,-0.008900213433613136,0.0004894212243105084,1.3325009963334318,-0.005406098934951475,False
2026-02-27,-0.004801940858611298,1.327720766288256,-0.013659415993687252,-0.005887207462964185,1.3246562865234104,-0.011261479571920252,False
2026-03-02,0.0005686124327104469,1.3284757248231354,-0.013098570474734395,0.00837893135241489,1.335755490613735,-0.002976907383764993,True
2026-03-03,-0.008814339520359149,1.316766088739989,-0.021797454747697897,-0.008496767658118767,1.3244058865619337,-0.011448380951504133,False
2026-03-04,0.00705526576749449,1.3260562234496738,-0.01489597581650337,0.005593188795190298,1.331813538726936,-0.00591922511237486,False
2026-03-05,-0.005575491873376914,1.3186628077521891,-0.02038841529776947,0.0007547650588799528,1.3328187450509104,-0.005168927677785429,False
2026-03-06,-0.01310712873041986,1.3013789245789642,-0.03322831044427221,-0.010689710875020693,1.3185712980175082,-0.01580338421039673,False
2026-03-09,0.00875996072290297,1.3127789528438896,-0.02475942841574963,0.002917483603126202,1.3224182081590272,-0.012932006721578126,False
2026-03-10,-0.0016071058958396778,1.31066917804884,-0.026326743288204613,-0.006022090153030108,1.314454486489485,-0.0188762191642714,False
2026-03-11,-0.0012551345486657706,1.3090241118815995,-0.027548834231815533,0.007048376879826332,1.3237192571016414,-0.011960888991181085,False
2026-03-12,-0.015184966271003186,1.2891466248947474,-0.04231547238420319,-0.008428859906120256,1.312561812928498,-0.02028893223964212,False
2026-03-13,-0.00566013575260893,1.2818498799928255,-0.04773609681868174,-0.0010015301383022764,1.3112472427144655,-0.02127014240083236,False
2026-03-16,0.01017686501045656,1.2948950931851824,-0.03804503562167505,0.008722723895945002,1.322684890371983,-0.01273295208427716,False
2026-03-17,0.002630544991105488,1.2983013729865678,-0.03551456980846057,0.007139476231489066,1.3321281677085437,-0.005684382461550341,False
2026-03-18,-0.013953644515257158,1.2801853371542429,-0.04897265664149819,-0.008097456313174212,1.321341318066975,-0.013735809736074689,False
2026-03-19,-0.002464288275344284,1.277030591437626,-0.051316262173268345,0.006760399870437051,1.3302741137424383,-0.007068269431997565,False
2026-03-20,-0.014335787930812693,1.258723351697616,-0.06491639105216307,-0.007237872953613592,1.3206457587136897,-0.014254983149460387,False
2026-03-23,0.010499991225476402,1.2719399358457433,-0.05509802136312392,0.011529582237225576,1.3358722525950224,-0.002889754912746789,False
2026-03-24,-0.0033568144771775055,1.267670269454996,-0.058269882004525986,0.00526866192251671,1.3429105118656164,0.0,False
2026-03-25,0.0055726882440485515,1.2747346006629177,-0.053021913646906116,0.0002613317938039059,1.3432614570786003,0.0,False
2026-03-26,-0.017858729983344035,1.2519694596292528,-0.06993373959122984,-0.006458760608703741,1.3345856528924311,-0.006458760608703651,False
2026-03-27,-0.01705189415742525,1.2306210089153258,-0.08579313102311259,-0.008159151225995169,1.3236965667264382,-0.014565213830160073,False
2026-03-30,-0.0033433906874337227,1.226506562094358,-0.08884968175523777,-0.005777369861853929,1.3160490820755932,-0.020258435064600233,False
2026-03-31,0.029067865784757174,1.2621584902254408,-0.06236448659476024,0.015625074752769696,1.3366124473613383,-0.004949899874089003,False
2026-04-01,0.00753449141030349,1.271668212528486,-0.05529987987301299,-0.008199928392979634,1.32565232100381,-0.013109239442548715,True
2026-04-02,0.0009004595313388819,1.272813298291158,-0.05444921564558758,0.004857972605115966,1.332092303663155,-0.008314951163518658,False
2026-04-06,0.004726845083763864,1.278829689572735,-0.04997974356911283,0.006709697287779207,1.341030239780115,-0.0016610446810093604,False
2026-04-07,0.0004400005646272298,1.279392375358209,-0.049561734119875855,0.0042696945340144525,1.3467560292648522,0.0,False
2026-04-08,0.02546963651219092,1.311978034115051,-0.02535441696063212,0.007380770576591119,1.356696126539497,0.0,False
2026-04-09,0.005769017699185586,1.3195468586148036,-0.01973166934164483,-0.0022028876447067144,1.3537074774047217,-0.0022028876447066637,False
2026-04-10,-0.0006617754265585418,1.3186736149295797,-0.020380386834308206,-0.004525477120623681,1.3475813051877095,-0.006718395647694941,False
2026-04-13,0.009772447246481741,1.3315602832668063,-0.010807105843027687,0.014115645323012656,1.3666032849356617,0.0,False
2026-04-14,0.012184877209840739,1.347785181815913,0.0,8.713355957004794e-06,1.3666151926365353,0.0,False
2026-04-15,0.007890969227043909,1.3584205132102882,0.0,0.00716507747534252,1.3764070963707562,0.0,False
2026-04-16,0.002457347646937613,1.3617586246619773,0.0,0.007648180062327524,1.3869341056828652,0.0,False
2026-04-17,0.012085686101644066,1.3782164119458484,0.0,-0.00034815240877620127,1.386451241233158,-0.00034815240877617004,False
2026-04-20,-0.0019997351150194964,1.3754603441907842,-0.0019997351150193854,0.002055606520306806,1.3893012394447244,0.0,False
2026-04-21,-0.006546892848539487,1.3664553526999519,-0.008533535912035428,0.002498413297741593,1.3927722881359221,0.0,False
2026-04-22,0.01012671209511895,1.3802930526475785,0.0,0.01102300609864125,1.4081248255620629,0.0,False
2026-04-23,-0.0038807408683984024,1.3749364929878027,-0.0038807408683984024,-0.005494581294268077,1.400387769235535,-0.005494581294268053,False
2026-04-24,0.007749309237231605,1.38559130105352,0.0,0.0072305963324353194,1.4105134079037567,0.0,False
2026-04-27,0.001722787837563633,1.387978380894809,0.0,0.0027527704051950866,1.414396227469165,0.0,False
2026-04-28,-0.004865992267119479,1.3812244888264458,-0.004865992267119479,-0.0010660679301971055,1.4128883850104683,-0.0010660679301971454,False
2026-04-29,-0.00015450932498595193,1.381011076763023,-0.005019749750924896,0.010364485993974272,1.427532246887958,0.0,False
2026-04-30,0.009949633527564838,1.3947516308743229,0.0,0.005464181607313002,1.4353325423352497,0.0,False
2026-05-01,0.0027690952923506984,1.3986138310493754,0.0,-7.595766750338132e-05,1.4352235178232422,-7.595766750334576e-05,True
2026-05-04,-0.0036633921467564834,1.393490160124364,-0.0036633921467564834,0.0012465021674108669,1.4370125270489278,0.0,False
2026-05-05,0.008022228723942426,1.404669056913445,0.0,0.007766516718865029,1.4481731088654717,0.0,False
2026-05-06,0.013899399692774095,1.424193113571557,0.0,-0.003182572272565581,1.4435641932833214,-0.003182572272565576,False
2026-05-07,-0.0030660824190705815,1.419826420104674,-0.0030660824190705815,-0.00846010841763244,1.4313514837003325,-0.01161575578372509,False
2026-05-08,0.00825609701116825,1.4315486447680779,0.0,0.008622509128854174,1.4436933249351374,-0.003093403615154755,False
2026-05-11,0.002277563042387465,1.4348090870547816,0.0,0.012725771445681251,1.4620654362259176,0.0,False
2026-05-12,-0.0015149526145865622,1.4326354192769155,-0.0015149526145864511,-0.0006725291335593709,1.4610821546248853,-0.0006725291335594186,False
2026-05-13,0.00559483781461112,1.4406507820952372,0.0,-4.934127055922894e-05,1.4610100629749847,-0.0007218372206767576,False
2026-05-14,0.0078943149045545,1.4520237330365897,0.0,0.009701010325957403,1.4751833366822327,0.0,False
2026-05-15,-0.012029343756796207,1.434556840408866,-0.012029343756796318,-0.00012846548517536117,1.4749938265391633,-0.00012846548517531087,False
2026-05-18,-0.0007035093177317764,1.4335476163048224,-0.012724390319108991,0.006474007923384241,1.4845429482591208,0.0,False
2026-05-19,-0.0066607880874933745,1.4239990594192848,-0.019300423939144218,-0.0023142204307692233,1.4811073886379051,-0.0023142204307692316,False
2026-05-20,0.010248994582563453,1.4385936180648486,-0.009249239296974077,0.0030881186936783465,1.4856812240521031,0.0,False
2026-05-21,0.0019830877010671433,1.4414464753756668,-0.007284493648600954,-0.0003274774268576387,1.4851946969877197,-0.0003274774268577918,False
2026-05-22,0.003931549076803931,1.4471135929351924,-0.003381583916076125,0.006835376697203619,1.49534656221032,0.0,False
2026-05-26,0.006638641352187502,1.4567204610745645,0.0,-8.202768150669844e-05,1.4952239023987728,-8.202768150666895e-05,False
2026-05-27,-0.0001732421647460125,1.4564680956684581,-0.0001732421647460125,-0.008728939863887099,1.4821721828716872,-0.008810251530694813,False
2026-05-28,0.005516578600909927,1.4645028163979308,0.0,0.003673690753789469,1.487617225115427,-0.005168926916492178,False
2026-05-29,0.0024914048034492264,1.4681514857493696,0.0,0.006598206904312698,1.497432831361158,0.0,False
2026-06-01,0.0027231134609038143,1.4721494288228596,0.0,0.013915469091627448,1.5182703116427523,0.0,True
2026-06-02,0.0013579397972762752,1.4741485191197956,0.0,0.008205655550950666,1.5307287148533273,0.0,False
2026-06-03,-0.00701718232049986,1.4638041501936372,-0.00701718232049986,-0.002809425145318278,1.5264282471111577,-0.002809425145318234,False
2026-06-04,0.0037786857621391334,1.469335406094534,-0.003265012285285529,0.0035584402030351377,1.5318599507527264,0.0,False
2026-06-05,-0.025809371248925683,1.4314127831094492,-0.028990115620007972,-0.02724056918966718,1.4901312137753666,-0.02724056918966722,False
2026-06-08,0.002264172608771542,1.434653748724811,-0.02679158163694839,0.008464249820372116,1.5027440566338957,-0.019006890352165517,False
2026-06-09,-0.0029354505508077944,1.4304423935878983,-0.02964838682468307,-0.008182553307299053,1.490447773283262,-0.02703391876595207,False
2026-06-10,-0.015765562508027298,1.407890664617656,-0.04494652583696357,-0.0036032722956879266,1.4850772841136206,-0.030539780491106727,False
2026-06-11,0.016996847886747934,1.4318203680853347,-0.02871362721290438,0.007318313607310808,1.4959455454098574,-0.02344496657492834,False
2026-06-12,0.005408247901529384,1.4395640075863994,-0.023460669725494432,0.010022768448818336,1.5109390612235416,-0.01365718159738083,False
2026-06-15,0.01763396989375332,1.4649492359563088,-0.006240404575367786,0.0017017516842972816,1.513510304315849,-0.011978671044869715,False
2026-06-16,-0.005961562844234103,1.4562158490225425,-0.012164764855552401,-0.0051108851132378105,1.5057749270327894,-0.01702833454658792,False
2026-06-17,-0.012487870885051433,1.4380308135191835,-0.024500723727740703,-0.0071066321507455696,1.4950739385245515,-0.024013952587571108,False
2026-06-18,0.010396992441959574,1.4529820090186474,-0.014358465125201003,0.0012765030850039544,1.4969824050193872,-0.022768103387128202,False
2026-06-22,-0.003146979693962715,1.4484095041405725,-0.017460259020978253,0.007724174070453811,1.5085453576961636,-0.01521979411049057,False
2026-06-23,-0.014521954010491611,1.427375767933084,-0.03172865595295593,-0.0101205588563601,1.4932780356161108,-0.025186320144773733,False
2026-06-24,-0.0004635170636431152,1.4267141549084164,-0.032177466243158426,-0.008336089901169706,1.4808299356637729,-0.03331245461693699,False
2026-06-25,0.0014456352254532678,1.4287766631474048,-0.030778347896372127,0.003980196462571699,1.486723929735372,-0.02946484826839124,False
2026-06-26,-0.007231373616869652,1.4184446452811217,-0.037787151780293016,-0.006722634830355417,1.4767292276622102,-0.035989401683506395,False
2026-06-29,0.016474862380159383,1.4418133256060022,-0.021934827525452172,0.0069736361402664175,1.487027399973623,-0.02926674253548678,False
2026-06-30,0.007786800986842035,1.453040439032673,-0.014318828675231488,0.0053523294089154036,1.494986460458365,-0.02407105837334711,False
2026-07-01,-0.001352504438058455,1.4510751953902028,-0.015651966833958975,-0.0025405843892485833,1.4911883211947865,-0.026550488207459644,False
2026-07-02,-0.001314069480687241,1.4491683817617582,-0.016945468542717057,-0.0007223318138894507,1.490111188429887,-0.027253641759042546,False
2026-07-06,0.008727409093039817,1.4618158670740915,-0.008365949485922841,0.008085009883549883,1.502158752115931,-0.01938897783847726,False
2026-07-07,-0.004751899671231685,1.4548694647359408,-0.013078095004542822,0.0007864224346591907,1.5033400834590147,-0.01861780333097529,False
2026-07-08,-0.0030894297130047432,1.4503747477830422,-0.0161271208622511,0.002408936695243289,1.5069615345514893,-0.01625371574536072,False
2026-07-09,0.00846525000257925,1.4626525326204536,-0.007798390969592561,0.005915064440086811,1.5158753091370933,-0.010434793081298688,False
2026-07-10,0.0043101596888019955,1.4689567986052785,-0.0035218435911851254,0.0033674582337622472,1.5209799559282038,-0.00710247357741578,False
2026-07-13,-0.007656174850540931,1.4577102085072657,-0.011151054591395648,0.004388451999702355,1.5276547034573043,-0.0027451904420869866,False
2026-07-14,0.00355064169730146,1.4628860151561736,-0.007640006293495372,0.005898646026585882,1.536665797803848,0.0,False
2026-07-15,0.003963635929681075,1.4686843627268746,-0.003706652567262103,-0.0035993176920273086,1.5311348494110795,-0.0035993176920272596,False
2026-07-16,-0.005418617756386079,1.4607261235604763,-0.00910518539023042,-0.0026167094726027157,1.5271283143467933,-0.0062066087959303795,False
2026-07-17,-0.009897156017872222,1.4462690892162164,-0.018912225967723906,-0.0025949729427101552,1.5231654576910167,-0.00878547575674915,False
