Date,Strategy,Gross_Return,Net_Return,Trading_Cost_Drag,Equity,Drawdown,Gross_Exposure,Rebalanced,Signal_Date,One_Way_Turnover,Risky_Trade_Notional,Transaction_Cost_Fraction,Slippage_Fraction,Total_Trading_Cost_Fraction
2024-06-03,Week7_Strategy_Net,0.0,-0.0009559064433302122,0.0009559064433302122,0.9990440935566698,-0.0009559064433302122,0.9559064433301618,True,2024-05-31,0.9559064433301618,0.9559064433301618,0.0004779532216650809,0.0004779532216650809,0.0009559064433301618
2024-06-04,Week7_Strategy_Net,-0.004379523121578168,-0.004379523121578188,1.9949319973733282e-17,0.9946687568494622,-0.00533124315053779,0.9557124851348127,False,,0.0,0.0,0.0,0.0,0.0
2024-06-05,Week7_Strategy_Net,0.009100870613064043,0.009100870613063972,7.112366251504909e-17,1.0037211085084063,0.0,0.9561119050087814,False,,0.0,0.0,0.0,0.0,0.0
2024-06-06,Week7_Strategy_Net,0.0014212572557835185,0.001421257255783459,5.941427905220564e-17,1.0051476544166569,0.0,0.9561741927553187,False,,0.0,0.0,0.0,0.0,0.0
2024-06-07,Week7_Strategy_Net,-0.0011867157072395066,-0.001186715707239494,-1.2576745200831851e-17,1.0039548299070657,-0.001186715707239494,0.9561221221885194,False,,0.0,0.0,0.0,0.0,0.0
2024-06-10,Week7_Strategy_Net,0.005136407636650831,0.005136407636650908,-7.719519468096792e-17,1.009111551162253,0.0,0.9563463451546348,False,,0.0,0.0,0.0,0.0,0.0
2024-06-11,Week7_Strategy_Net,0.006667645748893869,0.006667645748893891,-2.2551405187698492e-17,1.0158399495065198,0.0,0.9566354843828424,False,,0.0,0.0,0.0,0.0,0.0
2024-06-12,Week7_Strategy_Net,0.003574175622306339,0.0035741756223064414,-1.0234868508263162e-16,1.019470739890211,0.0,0.9567899247803305,False,,0.0,0.0,0.0,0.0,0.0
2024-06-13,Week7_Strategy_Net,-0.0014431223066506283,-0.0014431223066507792,1.5092094240998222e-16,1.0179995189244977,-0.0014431223066507792,0.9567274772374669,False,,0.0,0.0,0.0,0.0,0.0
2024-06-14,Week7_Strategy_Net,-0.002275218581690216,-0.0022752185816902193,3.469446951953614e-18,1.015683347502889,-0.0037150574696531713,0.9566287982733883,False,,0.0,0.0,0.0,0.0,0.0
2024-06-17,Week7_Strategy_Net,0.00796083036580601,0.007960830365806082,-7.112366251504909e-17,1.0237690303377336,0.0,0.9569713421196421,False,,0.0,0.0,0.0,0.0,0.0
2024-06-18,Week7_Strategy_Net,0.002723235841146975,0.002723235841146865,1.1015494072452725e-16,1.0265569948542055,0.0,0.9570882010685006,False,,0.0,0.0,0.0,0.0,0.0
2024-06-20,Week7_Strategy_Net,0.0046246493991904366,0.004624649399190384,5.2909066017292616e-17,1.0313044610436928,0.0,0.9572857395474392,False,,0.0,0.0,0.0,0.0,0.0
2024-06-21,Week7_Strategy_Net,-0.0037848184994694273,-0.0037848184994694334,6.071532165918825e-18,1.0274011608409492,-0.0037848184994694334,0.957123459624232,False,,0.0,0.0,0.0,0.0,0.0
2024-06-24,Week7_Strategy_Net,0.0026521271561924954,0.002652127156192563,-6.765421556309548e-17,1.0301259593599192,-0.0011427291632006842,0.957236872874964,False,,0.0,0.0,0.0,0.0,0.0
2024-06-25,Week7_Strategy_Net,0.008944215495353375,0.008944215495353403,-2.7755575615628914e-17,1.039339627927792,0.0,0.9576159648191838,False,,0.0,0.0,0.0,0.0,0.0
2024-06-26,Week7_Strategy_Net,-0.00573446982217836,-0.005734469822178401,4.0766001685454967e-17,1.033379566196446,-0.005734469822178401,0.9573715130471876,False,,0.0,0.0,0.0,0.0,0.0
2024-06-27,Week7_Strategy_Net,0.0014387758006581587,0.0014387758006582096,-5.095750210681871e-17,1.034866367709184,-0.004303944637929935,0.9574327577652159,False,,0.0,0.0,0.0,0.0,0.0
2024-06-28,Week7_Strategy_Net,0.0018237488525552838,0.001823748852555207,7.676151381197371e-17,1.0367537040598416,-0.00248804509946976,0.9575102484009399,False,,0.0,0.0,0.0,0.0,0.0
2024-07-01,Week7_Strategy_Net,0.0035025809325299763,0.00279531637308561,0.0007072645594443662,1.039651758663657,0.0,0.6,True,2024-06-28,0.531227253659672,0.7047959545725992,0.00035239797728629964,0.00035239797728629964,0.0007047959545725993
2024-07-02,Week7_Strategy_Net,0.00300082099275126,0.0030008209927512297,3.0357660829594124e-17,1.0427715674862057,0.0,0.6011967372029791,False,,0.0,0.0,0.0,0.0,0.0
2024-07-03,Week7_Strategy_Net,0.008109408406937723,0.008109408406937746,-2.2551405187698492e-17,1.051227828002094,0.0,0.6044047804025272,False,,0.0,0.0,0.0,0.0,0.0
2024-07-05,Week7_Strategy_Net,0.001848371883754736,0.0018483718837547514,-1.5395670849294163e-17,1.0531708879627935,0.0,0.6051346384347132,False,,0.0,0.0,0.0,0.0,0.0
2024-07-08,Week7_Strategy_Net,0.004131529547352153,0.004131529547352075,7.806255641895632e-17,1.0575220946048227,0.0,0.6067593239072112,False,,0.0,0.0,0.0,0.0,0.0
2024-07-09,Week7_Strategy_Net,-0.0004916653818611644,-0.0004916653818611838,1.940721888749053e-17,1.0570021476003522,-0.0004916653818611838,0.6065658859733011,False,,0.0,0.0,0.0,0.0,0.0
2024-07-10,Week7_Strategy_Net,0.008802828329319792,0.008802828329319778,1.3877787807814457e-17,1.0663067560494004,0.0,0.609998997843547,False,,0.0,0.0,0.0,0.0,0.0
2024-07-11,Week7_Strategy_Net,-0.015270525759549645,-0.015270525759549791,1.457167719820518e-16,1.050023691263566,-0.015270525759549791,0.6039511232693916,False,,0.0,0.0,0.0,0.0,0.0
2024-07-12,Week7_Strategy_Net,0.0053949357561352326,0.005394935756135144,8.847089727481716e-17,1.055688501620353,-0.009957973508849749,0.6060763162361179,False,,0.0,0.0,0.0,0.0,0.0
2024-07-15,Week7_Strategy_Net,0.001088811248668682,0.001088811248668664,1.7997756063259374e-17,1.0568379471360074,-0.00888000461375138,0.6065047582815984,False,,0.0,0.0,0.0,0.0,0.0
2024-07-16,Week7_Strategy_Net,-0.0020198844796870718,-0.0020198844796870397,-3.209238430557093e-17,1.054703256569043,-0.010881952509939619,0.605708334666321,False,,0.0,0.0,0.0,0.0,0.0
2024-07-17,Week7_Strategy_Net,-0.02355986418688014,-0.023559864186880164,2.42861286636753e-17,1.0298545910868162,-0.034185439373597526,0.5961947375244495,False,,0.0,0.0,0.0,0.0,0.0
2024-07-18,Week7_Strategy_Net,5.3228891799690734e-05,5.322889179959489e-05,9.584347204771859e-17,1.0299094091054144,-0.0341340301348515,0.5962162304870274,False,,0.0,0.0,0.0,0.0,0.0
2024-07-19,Week7_Strategy_Net,-0.0093267895330017,-0.0093267895330017,0.0,1.02030366080863,-0.04314245875287237,0.5924147688190428,False,,0.0,0.0,0.0,0.0,0.0
2024-07-22,Week7_Strategy_Net,0.01402788407874217,0.014027884078742225,-5.551115123125783e-17,1.0346163622875697,-0.029719772084387475,0.5980532314934773,False,,0.0,0.0,0.0,0.0,0.0
2024-07-23,Week7_Strategy_Net,-0.0023805175758489488,-0.002380517575848895,-5.377642775528102e-17,1.0321534398528833,-0.03202954122043922,0.5970941069336198,False,,0.0,0.0,0.0,0.0,0.0
2024-07-24,Week7_Strategy_Net,-0.02471104891048597,-0.02471104891048581,-1.5959455978986625e-16,1.0066478457175525,-0.05594910657124641,0.5868856172149941,False,,0.0,0.0,0.0,0.0,0.0
2024-07-25,Week7_Strategy_Net,-0.006279864642892498,-0.006279864642892541,4.2500725161431774e-17,1.000326233503387,-0.06187761839798067,0.5842749199838371,False,,0.0,0.0,0.0,0.0,0.0
2024-07-26,Week7_Strategy_Net,0.007413821074399095,0.00741382107439903,6.505213034913027e-17,1.0077424732146085,-0.05492254691489418,0.5873343492818122,False,,0.0,0.0,0.0,0.0,0.0
2024-07-29,Week7_Strategy_Net,-0.0026068968051026617,-0.002606896805102621,-4.0766001685454967e-17,1.0051153925808192,-0.05738626630791632,0.5862557607463722,False,,0.0,0.0,0.0,0.0,0.0
2024-07-30,Week7_Strategy_Net,-0.014729953377749587,-0.014729953377749627,3.9898639947466563e-17,0.9903100897088452,-0.07127092265842727,0.5800702145852851,False,,0.0,0.0,0.0,0.0,0.0
2024-07-31,Week7_Strategy_Net,0.024566853615914045,0.02456685361591404,3.469446951953614e-18,1.014638892717085,-0.04845497136653387,0.5901392047452116,False,,0.0,0.0,0.0,0.0,0.0
2024-08-01,Week7_Strategy_Net,-0.022008866390748387,-0.02257699672910274,0.0005681303383543515,0.991731393754991,-0.06993800036558562,0.0,True,2024-07-31,0.5809156329033296,0.5809156329033297,0.0002904578164516649,0.0002904578164516649,0.0005809156329033298
2024-08-02,Week7_Strategy_Net,0.0,0.0,0.0,0.991731393754991,-0.06993800036558562,0.0,False,,0.0,0.0,0.0,0.0,0.0
2024-08-05,Week7_Strategy_Net,0.0,0.0,0.0,0.991731393754991,-0.06993800036558562,0.0,False,,0.0,0.0,0.0,0.0,0.0
2024-08-06,Week7_Strategy_Net,0.0,0.0,0.0,0.991731393754991,-0.06993800036558562,0.0,False,,0.0,0.0,0.0,0.0,0.0
2024-08-07,Week7_Strategy_Net,0.0,0.0,0.0,0.991731393754991,-0.06993800036558562,0.0,False,,0.0,0.0,0.0,0.0,0.0
2024-08-08,Week7_Strategy_Net,0.0,0.0,0.0,0.991731393754991,-0.06993800036558562,0.0,False,,0.0,0.0,0.0,0.0,0.0
2024-08-09,Week7_Strategy_Net,0.0,0.0,0.0,0.991731393754991,-0.06993800036558562,0.0,False,,0.0,0.0,0.0,0.0,0.0
2024-08-12,Week7_Strategy_Net,0.0,0.0,0.0,0.991731393754991,-0.06993800036558562,0.0,False,,0.0,0.0,0.0,0.0,0.0
2024-08-13,Week7_Strategy_Net,0.0,0.0,0.0,0.991731393754991,-0.06993800036558562,0.0,False,,0.0,0.0,0.0,0.0,0.0
2024-08-14,Week7_Strategy_Net,0.0,0.0,0.0,0.991731393754991,-0.06993800036558562,0.0,False,,0.0,0.0,0.0,0.0,0.0
2024-08-15,Week7_Strategy_Net,0.0,0.0,0.0,0.991731393754991,-0.06993800036558562,0.0,False,,0.0,0.0,0.0,0.0,0.0
2024-08-16,Week7_Strategy_Net,0.0,0.0,0.0,0.991731393754991,-0.06993800036558562,0.0,False,,0.0,0.0,0.0,0.0,0.0
2024-08-19,Week7_Strategy_Net,0.0,0.0,0.0,0.991731393754991,-0.06993800036558562,0.0,False,,0.0,0.0,0.0,0.0,0.0
2024-08-20,Week7_Strategy_Net,0.0,0.0,0.0,0.991731393754991,-0.06993800036558562,0.0,False,,0.0,0.0,0.0,0.0,0.0
2024-08-21,Week7_Strategy_Net,0.0,0.0,0.0,0.991731393754991,-0.06993800036558562,0.0,False,,0.0,0.0,0.0,0.0,0.0
2024-08-22,Week7_Strategy_Net,0.0,0.0,0.0,0.991731393754991,-0.06993800036558562,0.0,False,,0.0,0.0,0.0,0.0,0.0
2024-08-23,Week7_Strategy_Net,0.0,0.0,0.0,0.991731393754991,-0.06993800036558562,0.0,False,,0.0,0.0,0.0,0.0,0.0
2024-08-26,Week7_Strategy_Net,0.0,0.0,0.0,0.991731393754991,-0.06993800036558562,0.0,False,,0.0,0.0,0.0,0.0,0.0
2024-08-27,Week7_Strategy_Net,0.0,0.0,0.0,0.991731393754991,-0.06993800036558562,0.0,False,,0.0,0.0,0.0,0.0,0.0
2024-08-28,Week7_Strategy_Net,0.0,0.0,0.0,0.991731393754991,-0.06993800036558562,0.0,False,,0.0,0.0,0.0,0.0,0.0
2024-08-29,Week7_Strategy_Net,0.0,0.0,0.0,0.991731393754991,-0.06993800036558562,0.0,False,,0.0,0.0,0.0,0.0,0.0
2024-08-30,Week7_Strategy_Net,0.0,0.0,0.0,0.991731393754991,-0.06993800036558562,0.0,False,,0.0,0.0,0.0,0.0,0.0
2024-09-03,Week7_Strategy_Net,0.0,0.0,0.0,0.991731393754991,-0.06993800036558562,0.0,True,2024-08-30,0.0,0.0,0.0,0.0,0.0
2024-09-04,Week7_Strategy_Net,0.0,0.0,0.0,0.991731393754991,-0.06993800036558562,0.0,False,,0.0,0.0,0.0,0.0,0.0
2024-09-05,Week7_Strategy_Net,0.0,0.0,0.0,0.991731393754991,-0.06993800036558562,0.0,False,,0.0,0.0,0.0,0.0,0.0
2024-09-06,Week7_Strategy_Net,0.0,0.0,0.0,0.991731393754991,-0.06993800036558562,0.0,False,,0.0,0.0,0.0,0.0,0.0
2024-09-09,Week7_Strategy_Net,0.0,0.0,0.0,0.991731393754991,-0.06993800036558562,0.0,False,,0.0,0.0,0.0,0.0,0.0
2024-09-10,Week7_Strategy_Net,0.0,0.0,0.0,0.991731393754991,-0.06993800036558562,0.0,False,,0.0,0.0,0.0,0.0,0.0
2024-09-11,Week7_Strategy_Net,0.0,0.0,0.0,0.991731393754991,-0.06993800036558562,0.0,False,,0.0,0.0,0.0,0.0,0.0
2024-09-12,Week7_Strategy_Net,0.0,0.0,0.0,0.991731393754991,-0.06993800036558562,0.0,False,,0.0,0.0,0.0,0.0,0.0
2024-09-13,Week7_Strategy_Net,0.0,0.0,0.0,0.991731393754991,-0.06993800036558562,0.0,False,,0.0,0.0,0.0,0.0,0.0
2024-09-16,Week7_Strategy_Net,0.0,0.0,0.0,0.991731393754991,-0.06993800036558562,0.0,False,,0.0,0.0,0.0,0.0,0.0
2024-09-17,Week7_Strategy_Net,0.0,0.0,0.0,0.991731393754991,-0.06993800036558562,0.0,False,,0.0,0.0,0.0,0.0,0.0
2024-09-18,Week7_Strategy_Net,0.0,0.0,0.0,0.991731393754991,-0.06993800036558562,0.0,False,,0.0,0.0,0.0,0.0,0.0
2024-09-19,Week7_Strategy_Net,0.0,0.0,0.0,0.991731393754991,-0.06993800036558562,0.0,False,,0.0,0.0,0.0,0.0,0.0
2024-09-20,Week7_Strategy_Net,0.0,0.0,0.0,0.991731393754991,-0.06993800036558562,0.0,False,,0.0,0.0,0.0,0.0,0.0
2024-09-23,Week7_Strategy_Net,0.0,0.0,0.0,0.991731393754991,-0.06993800036558562,0.0,False,,0.0,0.0,0.0,0.0,0.0
2024-09-24,Week7_Strategy_Net,0.0,0.0,0.0,0.991731393754991,-0.06993800036558562,0.0,False,,0.0,0.0,0.0,0.0,0.0
2024-09-25,Week7_Strategy_Net,0.0,0.0,0.0,0.991731393754991,-0.06993800036558562,0.0,False,,0.0,0.0,0.0,0.0,0.0
2024-09-26,Week7_Strategy_Net,0.0,0.0,0.0,0.991731393754991,-0.06993800036558562,0.0,False,,0.0,0.0,0.0,0.0,0.0
2024-09-27,Week7_Strategy_Net,0.0,0.0,0.0,0.991731393754991,-0.06993800036558562,0.0,False,,0.0,0.0,0.0,0.0,0.0
2024-09-30,Week7_Strategy_Net,0.0,0.0,0.0,0.991731393754991,-0.06993800036558562,0.0,False,,0.0,0.0,0.0,0.0,0.0
2024-10-01,Week7_Strategy_Net,0.0,0.0,0.0,0.991731393754991,-0.06993800036558562,0.0,True,2024-09-30,0.0,0.0,0.0,0.0,0.0
2024-10-02,Week7_Strategy_Net,0.0,0.0,0.0,0.991731393754991,-0.06993800036558562,0.0,False,,0.0,0.0,0.0,0.0,0.0
2024-10-03,Week7_Strategy_Net,0.0,0.0,0.0,0.991731393754991,-0.06993800036558562,0.0,False,,0.0,0.0,0.0,0.0,0.0
2024-10-04,Week7_Strategy_Net,0.0,0.0,0.0,0.991731393754991,-0.06993800036558562,0.0,False,,0.0,0.0,0.0,0.0,0.0
2024-10-07,Week7_Strategy_Net,0.0,0.0,0.0,0.991731393754991,-0.06993800036558562,0.0,False,,0.0,0.0,0.0,0.0,0.0
2024-10-08,Week7_Strategy_Net,0.0,0.0,0.0,0.991731393754991,-0.06993800036558562,0.0,False,,0.0,0.0,0.0,0.0,0.0
2024-10-09,Week7_Strategy_Net,0.0,0.0,0.0,0.991731393754991,-0.06993800036558562,0.0,False,,0.0,0.0,0.0,0.0,0.0
2024-10-10,Week7_Strategy_Net,0.0,0.0,0.0,0.991731393754991,-0.06993800036558562,0.0,False,,0.0,0.0,0.0,0.0,0.0
2024-10-11,Week7_Strategy_Net,0.0,0.0,0.0,0.991731393754991,-0.06993800036558562,0.0,False,,0.0,0.0,0.0,0.0,0.0
2024-10-14,Week7_Strategy_Net,0.0,0.0,0.0,0.991731393754991,-0.06993800036558562,0.0,False,,0.0,0.0,0.0,0.0,0.0
2024-10-15,Week7_Strategy_Net,0.0,0.0,0.0,0.991731393754991,-0.06993800036558562,0.0,False,,0.0,0.0,0.0,0.0,0.0
2024-10-16,Week7_Strategy_Net,0.0,0.0,0.0,0.991731393754991,-0.06993800036558562,0.0,False,,0.0,0.0,0.0,0.0,0.0
2024-10-17,Week7_Strategy_Net,0.0,0.0,0.0,0.991731393754991,-0.06993800036558562,0.0,False,,0.0,0.0,0.0,0.0,0.0
2024-10-18,Week7_Strategy_Net,0.0,0.0,0.0,0.991731393754991,-0.06993800036558562,0.0,False,,0.0,0.0,0.0,0.0,0.0
2024-10-21,Week7_Strategy_Net,0.0,0.0,0.0,0.991731393754991,-0.06993800036558562,0.0,False,,0.0,0.0,0.0,0.0,0.0
2024-10-22,Week7_Strategy_Net,0.0,0.0,0.0,0.991731393754991,-0.06993800036558562,0.0,False,,0.0,0.0,0.0,0.0,0.0
2024-10-23,Week7_Strategy_Net,0.0,0.0,0.0,0.991731393754991,-0.06993800036558562,0.0,False,,0.0,0.0,0.0,0.0,0.0
2024-10-24,Week7_Strategy_Net,0.0,0.0,0.0,0.991731393754991,-0.06993800036558562,0.0,False,,0.0,0.0,0.0,0.0,0.0
2024-10-25,Week7_Strategy_Net,0.0,0.0,0.0,0.991731393754991,-0.06993800036558562,0.0,False,,0.0,0.0,0.0,0.0,0.0
2024-10-28,Week7_Strategy_Net,0.0,0.0,0.0,0.991731393754991,-0.06993800036558562,0.0,False,,0.0,0.0,0.0,0.0,0.0
2024-10-29,Week7_Strategy_Net,0.0,0.0,0.0,0.991731393754991,-0.06993800036558562,0.0,False,,0.0,0.0,0.0,0.0,0.0
2024-10-30,Week7_Strategy_Net,0.0,0.0,0.0,0.991731393754991,-0.06993800036558562,0.0,False,,0.0,0.0,0.0,0.0,0.0
2024-10-31,Week7_Strategy_Net,0.0,0.0,0.0,0.991731393754991,-0.06993800036558562,0.0,False,,0.0,0.0,0.0,0.0,0.0
2024-11-01,Week7_Strategy_Net,0.0,-0.0004998000000000502,0.0004998000000000502,0.9912357264043922,-0.07040284535300301,0.4997999999999999,True,2024-10-31,0.49979999999999997,0.4997999999999999,0.00024989999999999995,0.00024989999999999995,0.0004997999999999999
2024-11-04,Week7_Strategy_Net,-0.0038577931892709834,-0.0038577931892709305,-5.2909066017292616e-17,0.9874117439701073,-0.07398903892496578,0.49786285875643055,False,,0.0,0.0,0.0,0.0,0.0
2024-11-05,Week7_Strategy_Net,0.004625742642443302,0.004625742642443198,1.0408340855860843e-16,0.9919792565798391,-0.06970555053495109,0.5001749209384084,False,,0.0,0.0,0.0,0.0,0.0
2024-11-06,Week7_Strategy_Net,0.030410993040024557,0.03041099304002448,7.632783294297951e-17,1.0221463308475371,-0.04141437250709623,0.5149264881317345,False,,0.0,0.0,0.0,0.0,0.0
2024-11-07,Week7_Strategy_Net,-0.00831362703217438,-0.00831362703217442,3.9898639947466563e-17,1.0136485874805652,-0.049383695892475044,0.5108599602749575,False,,0.0,0.0,0.0,0.0,0.0
2024-11-08,Week7_Strategy_Net,0.004610829621243388,0.004610829621243484,-9.627715291671279e-17,1.0183223484132522,-0.04500056607905911,0.5131049503921262,False,,0.0,0.0,0.0,0.0,0.0
2024-11-11,Week7_Strategy_Net,0.007301725088616127,0.00730172508861604,8.673617379884035e-17,1.0257578582529596,-0.03802742275278448,0.5166343534604394,False,,0.0,0.0,0.0,0.0,0.0
2024-11-12,Week7_Strategy_Net,-0.0015532990179207473,-0.001553299017920784,3.664603343001005e-17,1.0241645495791107,-0.03952165381228934,0.5158823740274581,False,,0.0,0.0,0.0,0.0,0.0
2024-11-13,Week7_Strategy_Net,0.0003112243720955674,0.0003112243720955199,4.7488055154865094e-17,1.024483294547976,-0.03922272954208572,0.5160329963542827,False,,0.0,0.0,0.0,0.0,0.0
2024-11-14,Week7_Strategy_Net,-0.0013479349896976561,-0.0013479349896977633,1.0711917464156784e-16,1.023102357668894,-0.04051779484224216,0.5153797597757688,False,,0.0,0.0,0.0,0.0,0.0
2024-11-15,Week7_Strategy_Net,0.0023879205769961453,0.0023879205769961054,3.9898639947466563e-17,1.0255454448411447,-0.038226627541284475,0.5165342376180339,False,,0.0,0.0,0.0,0.0,0.0
2024-11-18,Week7_Strategy_Net,0.0015537019017144403,0.0015537019017144438,-3.469446951953614e-18,1.027138836749089,-0.03673231842347702,0.517284234021622,False,,0.0,0.0,0.0,0.0,0.0
2024-11-19,Week7_Strategy_Net,-0.003412744403334491,-0.003412744403334611,1.201296007113939e-16,1.023633474432526,-0.04001970481269035,0.5156312071346209,False,,0.0,0.0,0.0,0.0,0.0
2024-11-20,Week7_Strategy_Net,-0.0015565226359289198,-0.0015565226359287587,-1.6111244283134596e-16,1.0220401657586773,-0.041513935872194985,0.5148761008042927,False,,0.0,0.0,0.0,0.0,0.0
2024-11-21,Week7_Strategy_Net,0.006547627257139463,0.006547627257139421,4.163336342344337e-17,1.02873210380589,-0.035238126393123514,0.5180318486094108,False,,0.0,0.0,0.0,0.0,0.0
2024-11-22,Week7_Strategy_Net,0.005782311514151153,0.005782311514151095,5.811323644522304e-17,1.0346805532947037,-0.029659572702952608,0.5208027165788867,False,,0.0,0.0,0.0,0.0,0.0
2024-11-25,Week7_Strategy_Net,0.0033878691402877276,0.003387869140287769,-4.163336342344337e-17,1.0381859156112667,-0.026372186313739276,0.5224206927758713,False,,0.0,0.0,0.0,0.0,0.0
2024-11-26,Week7_Strategy_Net,0.001023123020881231,0.0010231230208812558,-2.4936649967166602e-17,1.0392481075214832,-0.025376045283786564,0.5229088157495375,False,,0.0,0.0,0.0,0.0,0.0
2024-11-27,Week7_Strategy_Net,0.0010220773100562944,0.001022077310056213,8.131516293641283e-17,1.0403102994316997,-0.02437990425383396,0.5233959419431581,False,,0.0,0.0,0.0,0.0,0.0
2024-11-29,Week7_Strategy_Net,0.000816890994844513,0.0008168909948444991,1.3877787807814457e-17,1.0411601195471494,-0.023582928983229667,0.5237849577228039,False,,0.0,0.0,0.0,0.0,0.0
2024-12-02,Week7_Strategy_Net,-0.005203129668940843,-0.006218714836825567,0.0010155851678847246,1.0346854416642104,-0.029654988309691488,0.49960283818090045,True,2024-11-29,0.5212941893165424,1.020897027497443,0.0005104485137487215,0.0005104485137487215,0.001020897027497443
2024-12-03,Week7_Strategy_Net,0.0009582165993253068,0.0009582165993253788,-7.19910242530375e-17,1.0356768944294934,-0.028725187612417158,0.5000818680332548,False,,0.0,0.0,0.0,0.0,0.0
2024-12-04,Week7_Strategy_Net,-0.0004708185264207399,-0.0004708185264207243,-1.5612511283791264e-17,1.0351892785602101,-0.029182481788335046,0.49984638644593726,False,,0.0,0.0,0.0,0.0,0.0
2024-12-05,Week7_Strategy_Net,-0.0005451211255228221,-0.0005451211255227406,-8.153200337090993e-17,1.0346249750155523,-0.0297116949265398,0.499573593439952,False,,0.0,0.0,0.0,0.0,0.0
2024-12-06,Week7_Strategy_Net,-0.002695306940510866,-0.0026953069405109,3.382710778154774e-17,1.031836343139567,-0.03232691972950086,0.49822114541057544,False,,0.0,0.0,0.0,0.0,0.0
2024-12-09,Week7_Strategy_Net,-0.00218035611997158,-0.0021803561199716937,1.1362438767648086e-16,1.0295865724539934,-0.03443679165220048,0.4971246981686449,False,,0.0,0.0,0.0,0.0,0.0
2024-12-10,Week7_Strategy_Net,-0.005351406610585305,-0.0053514066105851965,-1.0842021724855044e-16,1.0240768360639934,-0.0396039129882908,0.4944191293552914,False,,0.0,0.0,0.0,0.0,0.0
2024-12-11,Week7_Strategy_Net,0.004356745240143787,0.0043567452401438445,-5.724587470723463e-17,1.0285384779450568,-0.03541971190754967,0.496612261488996,False,,0.0,0.0,0.0,0.0,0.0
2024-12-12,Week7_Strategy_Net,-0.00332102615535641,-0.0033210261553565656,1.5569143196891844e-16,1.0251226747580107,-0.038623108273246,0.4949349271719772,False,,0.0,0.0,0.0,0.0,0.0
2024-12-13,Week7_Strategy_Net,9.902197282182041e-05,9.902197282185554e-05,-3.5128150388530344e-17,1.0252241844276497,-0.03852791083680185,0.494984934760042,False,,0.0,0.0,0.0,0.0,0.0
2024-12-16,Week7_Strategy_Net,-0.0019624508009099444,-0.001962450800909843,-1.0148132334464322e-16,1.0232122324058075,-0.040414752508232676,0.49399191879581594,False,,0.0,0.0,0.0,0.0,0.0
2024-12-17,Week7_Strategy_Net,-0.003284258451754375,-0.003284258451754507,1.3183898417423734e-16,1.0198517389835902,-0.0435662784674864,0.4923245815118984,False,,0.0,0.0,0.0,0.0,0.0
2024-12-18,Week7_Strategy_Net,-0.015310182984360834,-0.01531018298436082,-1.3877787807814457e-17,1.0042376222428329,-0.05820945375656228,0.4844311277365037,False,,0.0,0.0,0.0,0.0,0.0
2024-12-19,Week7_Strategy_Net,-0.0015083962304381464,-0.0015083962304381915,4.5102810375396984e-17,1.0027228339989775,-0.0596300470663782,0.48365227076813505,False,,0.0,0.0,0.0,0.0,0.0
2024-12-20,Week7_Strategy_Net,0.006169173782282714,0.006169173782282655,5.898059818321144e-17,1.0089088054173803,-0.053828741407093705,0.4868181786062217,False,,0.0,0.0,0.0,0.0,0.0
2024-12-23,Week7_Strategy_Net,0.004179491509437048,0.004179491509437083,-3.5561831257524545e-17,1.0131255312034184,-0.04987422666533137,0.48895409064530215,False,,0.0,0.0,0.0,0.0,0.0
2024-12-24,Week7_Strategy_Net,0.004663503336868051,0.004663503336868047,4.336808689942018e-18,1.0178502454988518,-0.04544331195094076,0.49132629217910195,False,,0.0,0.0,0.0,0.0,0.0
2024-12-26,Week7_Strategy_Net,1.5956951597541862e-05,1.5956951597617675e-05,-7.58128369110489e-17,1.0178664872859529,-0.04542808013607236,0.4913344089313179,False,,0.0,0.0,0.0,0.0,0.0
2024-12-27,Week7_Strategy_Net,-0.0037895117905225183,-0.0037895117905225595,4.119968255444917e-17,1.014009270231205,-0.04904544168129854,0.48939948224905383,False,,0.0,0.0,0.0,0.0,0.0
2024-12-30,Week7_Strategy_Net,-0.0035913797764983726,-0.0035913797764984823,1.0972125985553305e-16,1.0103675778449146,-0.052460680650413316,0.48755911240870764,False,,0.0,0.0,0.0,0.0,0.0
2024-12-31,Week7_Strategy_Net,0.0004410878607284019,0.00044108786072838413,1.7780915628762273e-17,1.0108132387183755,-0.052042732559085425,0.4877850442077911,False,,0.0,0.0,0.0,0.0,0.0
2025-01-02,Week7_Strategy_Net,0.0018268751822500624,0.0014745223665006968,0.00035235281574936563,1.0123037054472208,-0.05064494836575684,0.840429375570543,True,2024-12-31,0.35171028495823325,0.3517102849582332,0.0001758551424791166,0.0001758551424791166,0.0003517102849582332
2025-01-03,Week7_Strategy_Net,0.011073380604751841,0.011073380604751826,1.5612511283791264e-17,1.0235133296652386,-0.040132378549966985,0.8421770096112973,False,,0.0,0.0,0.0,0.0,0.0
2025-01-06,Week7_Strategy_Net,0.004201462445251231,0.004201462445251325,-9.367506770274758e-17,1.0278135824820411,-0.03609953078603201,0.8428373226977777,False,,0.0,0.0,0.0,0.0,0.0
2025-01-07,Week7_Strategy_Net,-0.005688310652487359,-0.005688310652487316,-4.2500725161431774e-17,1.0219670595320374,-0.041582496092999355,0.8419382181805026,False,,0.0,0.0,0.0,0.0,0.0
2025-01-08,Week7_Strategy_Net,0.00022992107986328668,0.00022992107986330446,-1.7780915628762273e-17,1.0222020313019498,-0.04136213570554115,0.8419745515622534,False,,0.0,0.0,0.0,0.0,0.0
2025-01-10,Week7_Strategy_Net,-0.008531480143557639,-0.008531480143557757,1.1796119636642288e-16,1.0134811349691928,-0.0495407356096319,0.8406147595481622,False,,0.0,0.0,0.0,0.0,0.0
2025-01-13,Week7_Strategy_Net,0.004858040866934348,0.00485804086693431,3.8163916471489756e-17,1.0184046677407401,-0.04492336566086719,0.8413853161643319,False,,0.0,0.0,0.0,0.0,0.0
2025-01-14,Week7_Strategy_Net,0.005388614094344984,0.005388614094344879,1.0495077029659683e-16,1.0238924574870745,-0.03977682624788781,0.8422354484504,False,,0.0,0.0,0.0,0.0,0.0
2025-01-15,Week7_Strategy_Net,0.014752967979922267,0.014752967979922316,-4.85722573273506e-17,1.0389979101272653,-0.025610684511943482,0.8445291055776233,False,,0.0,0.0,0.0,0.0,0.0
2025-01-16,Week7_Strategy_Net,-0.0006399102859723517,-0.0006399102859724337,8.196568423990414e-17,1.038333044677471,-0.026234206257465975,0.8444295544493221,False,,0.0,0.0,0.0,0.0,0.0
2025-01-17,Week7_Strategy_Net,0.01008288354763532,0.010082883547635424,-1.0408340855860843e-16,1.0488024358506156,-0.016415839156489254,0.8459824950163694,False,,0.0,0.0,0.0,0.0,0.0
2025-01-21,Week7_Strategy_Net,0.0017406657829292182,0.001740665782929307,-8.890457814381136e-17,1.0506280503637537,-0.01470374786307771,0.8462501221678413,False,,0.0,0.0,0.0,0.0,0.0
2025-01-22,Week7_Strategy_Net,0.0031217696900193038,0.003121769690019205,9.8879238130678e-17,1.0539078691668633,-0.011627879887467052,0.846728600178152,False,,0.0,0.0,0.0,0.0,0.0
2025-01-23,Week7_Strategy_Net,0.002580947206679245,0.0025809472066793404,-9.540979117872439e-17,1.056627949737887,-0.009076943624902856,0.8471231672127004,False,,0.0,0.0,0.0,0.0,0.0
2025-01-24,Week7_Strategy_Net,-0.0085324131957791,-0.008532413195779132,3.122502256758253e-17,1.0476123634765144,-0.017531908587119394,0.8458075333757862,False,,0.0,0.0,0.0,0.0,0.0
2025-01-27,Week7_Strategy_Net,-0.02662641619789371,-0.026626416197893743,3.469446951953614e-17,1.0197182006725296,-0.0436915128902291,0.8415896330143657,False,,0.0,0.0,0.0,0.0,0.0
2025-01-28,Week7_Strategy_Net,0.008313668451222899,0.008313668451222833,6.591949208711867e-17,1.0281957997065985,-0.03574108119130803,0.8428957456969182,False,,0.0,0.0,0.0,0.0,0.0
2025-01-29,Week7_Strategy_Net,-0.002877580516696502,-0.0028775805166965096,7.806255641895632e-18,1.0252370835060136,-0.03851581386912273,0.8424423609043998,False,,0.0,0.0,0.0,0.0,0.0
2025-01-30,Week7_Strategy_Net,0.0028251977230892584,0.002825197723089312,-5.377642775528102e-17,1.0281335809799614,-0.0357994309356795,0.8428862383460904,False,,0.0,0.0,0.0,0.0,0.0
2025-01-31,Week7_Strategy_Net,-0.013476062428707875,-0.013476062428707802,-7.28583859910259e-17,1.0142783886576245,-0.048793057998185896,0.8407400411988935,False,,0.0,0.0,0.0,0.0,0.0
2025-02-03,Week7_Strategy_Net,-0.00380713670734426,-0.0042779534663240915,0.00047081675897983144,1.009939352909049,-0.05286227703291413,0.5433935784530027,True,2025-01-31,0.3846769470543265,0.47261607297976593,0.00023630803648988293,0.00023630803648988293,0.00047261607297976587
2025-02-04,Week7_Strategy_Net,0.007827544736025751,0.007827544736025649,1.0234868508263162e-16,1.0178446983746174,-0.04544851413521178,0.5469399264468472,False,,0.0,0.0,0.0,0.0,0.0
2025-02-05,Week7_Strategy_Net,0.007600997670903634,0.00760099767090372,-8.586881206085195e-17,1.0255813335563047,-0.03819297051439574,0.550357656849871,False,,0.0,0.0,0.0,0.0,0.0
2025-02-06,Week7_Strategy_Net,0.0015040657115999389,0.001504065711599889,4.9873299934333204e-17,1.0271238752745635,-0.03674634954017075,0.5510329328212522,False,,0.0,0.0,0.0,0.0,0.0
2025-02-07,Week7_Strategy_Net,-0.004716518040796621,-0.004716518040796536,-8.500145032286355e-17,1.0222794269866982,-0.04128955276042767,0.5489053367037081,False,,0.0,0.0,0.0,0.0,0.0
2025-02-10,Week7_Strategy_Net,0.008015987387421764,0.008015987387421708,5.551115123125783e-17,1.0304740059798443,-0.033604541907165775,0.5524925507724932,False,,0.0,0.0,0.0,0.0,0.0
2025-02-11,Week7_Strategy_Net,0.00025728107473085225,0.0002572810747307752,7.703256435509509e-17,1.030739127439585,-0.03335590664509269,0.5526076563554924,False,,0.0,0.0,0.0,0.0,0.0
2025-02-12,Week7_Strategy_Net,-0.0011925385290238327,-0.00119253852902379,-4.2717565595928875e-17,1.0295099313167408,-0.03450866697027177,0.5520734867302469,False,,0.0,0.0,0.0,0.0,0.0
2025-02-13,Week7_Strategy_Net,0.007819199637362452,0.00781919963736244,1.214306433183765e-17,1.0375598749983537,-0.026959297489169143,0.5555487398623407,False,,0.0,0.0,0.0,0.0,0.0
2025-02-14,Week7_Strategy_Net,0.0018815891411058715,0.0018815891411059216,-5.0090140368830305e-17,1.0395121363923978,-0.02512843466947068,0.556383443957006,False,,0.0,0.0,0.0,0.0,0.0
2025-02-18,Week7_Strategy_Net,0.005077651185300945,0.005077651185301013,-6.852157730108388e-17,1.0447904164238855,-0.020178376910253815,0.5586245943088762,False,,0.0,0.0,0.0,0.0,0.0
2025-02-19,Week7_Strategy_Net,4.608574498709716e-05,4.608574498710105e-05,-3.889575293791747e-18,1.0448385663685817,-0.020133221100799292,0.5586449344858743,False,,0.0,0.0,0.0,0.0,0.0
2025-02-20,Week7_Strategy_Net,-0.0017761721115883064,-0.0017761721115883145,8.023096076392733e-18,1.042982753245886,-0.021873633146551885,0.557859617068304,False,,0.0,0.0,0.0,0.0,0.0
2025-02-21,Week7_Strategy_Net,-0.015112909433925984,-0.01511290943392607,8.500145032286355e-17,1.027220249354934,-0.036655968343743184,0.5510750550323781,False,,0.0,0.0,0.0,0.0,0.0
2025-02-24,Week7_Strategy_Net,-0.007883538829071276,-0.007883538829071113,-1.6306400674181987e-16,1.0191221186331363,-0.04425052842305921,0.5475078153246387,False,,0.0,0.0,0.0,0.0,0.0
2025-02-25,Week7_Strategy_Net,-0.007094836033723319,-0.007094836033723406,8.760353553682876e-17,1.0118916143030934,-0.05103141421321544,0.5442745177516974,False,,0.0,0.0,0.0,0.0,0.0
2025-02-26,Week7_Strategy_Net,0.005930818298974396,0.00593081829897435,4.597017211338539e-17,1.0178929596057809,-0.04540325395947942,0.5469614073272626,False,,0.0,0.0,0.0,0.0,0.0
2025-02-27,Week7_Strategy_Net,-0.019913261522502057,-0.019913261522502057,0.0,0.9976233908992374,-0.06441238861191367,0.5377566342990173,False,,0.0,0.0,0.0,0.0,0.0
2025-02-28,Week7_Strategy_Net,0.007102823845279146,0.007102823845279049,9.627715291671279e-17,1.0047093341087245,-0.05776707461639874,0.5410167117434308,False,,0.0,0.0,0.0,0.0,0.0
2025-03-03,Week7_Strategy_Net,-0.01645625818436717,-0.017514446576684106,0.0010581883923169375,0.9871124061513814,-0.07426976285082265,0.5425563867375508,True,2025-02-28,0.5425563867375509,1.0758935747620704,0.0005379467873810352,0.0005379467873810352,0.0010758935747620705
2025-03-04,Week7_Strategy_Net,-0.013351784844317881,-0.013351784844317871,-1.0408340855860843e-17,0.9739326936872913,-0.08662991380111784,0.5363660459363729,False,,0.0,0.0,0.0,0.0,0.0
2025-03-05,Week7_Strategy_Net,-0.0014909314223230403,-0.0014909314223230385,-1.734723475976807e-18,0.9724806268310452,-0.08799168596284157,0.53567376736593,False,,0.0,0.0,0.0,0.0,0.0
2025-03-06,Week7_Strategy_Net,-0.0044974441740575685,-0.004497444174057619,5.0306980803327406e-17,0.96810694950152,-0.09209339244150017,0.5335760516969936,False,,0.0,0.0,0.0,0.0,0.0
2025-03-07,Week7_Strategy_Net,0.0022099155422141276,0.002209915542214169,-4.163336342344337e-17,0.9702463840957489,-0.09008699551857768,0.5346045363653558,False,,0.0,0.0,0.0,0.0,0.0
2025-03-10,Week7_Strategy_Net,-0.005178555991898447,-0.005178555991898426,-2.0816681711721685e-17,0.9652219088697721,-0.09479903096004128,0.5321819142140907,False,,0.0,0.0,0.0,0.0,0.0
2025-03-11,Week7_Strategy_Net,-0.004407562608567668,-0.004407562608567672,4.336808689942018e-18,0.9609676328752674,-0.09878876090442101,0.5301108483591469,False,,0.0,0.0,0.0,0.0,0.0
2025-03-12,Week7_Strategy_Net,0.001493532939724302,0.001493532939724318,-1.6046192152785466e-17,0.9624028696889756,-0.09744277223318187,0.5308115966944205,False,,0.0,0.0,0.0,0.0,0.0
2025-03-13,Week7_Strategy_Net,-0.0032131568653337,-0.003213156865333744,4.380176776841438e-17,0.9593105183010175,-0.10034283018593748,0.5292991610622694,False,,0.0,0.0,0.0,0.0,0.0
2025-03-14,Week7_Strategy_Net,0.013747421527864795,0.01374742152786479,5.204170427930421e-18,0.972498564372216,-0.08797486384193776,0.5356823317702589,False,,0.0,0.0,0.0,0.0,0.0
2025-03-17,Week7_Strategy_Net,0.00726906637044229,0.007269066370442223,6.678685382510707e-17,0.9795677209817975,-0.08134529259569323,0.5390331305389464,False,,0.0,0.0,0.0,0.0,0.0
2025-03-18,Week7_Strategy_Net,1.5764912558148493e-05,1.576491255805834e-05,9.015141064216969e-17,0.9795831637812634,-0.08133081008455989,0.5390403975267722,False,,0.0,0.0,0.0,0.0,0.0
2025-03-19,Week7_Strategy_Net,0.00718560596677278,0.007185605966772757,2.3418766925686896e-17,0.9866220624078802,-0.07472961527201327,0.5423290407027174,False,,0.0,0.0,0.0,0.0,0.0
2025-03-20,Week7_Strategy_Net,0.0013009873661512265,0.0013009873661511406,8.586881206085195e-17,0.9879056452462388,-0.07352585019120839,0.5429236912058257,False,,0.0,0.0,0.0,0.0,0.0
2025-03-21,Week7_Strategy_Net,-0.0027673526405514216,-0.0027673526405513904,-3.122502256758253e-17,0.985171761950251,-0.07608973087608428,0.5416552897616649,False,,0.0,0.0,0.0,0.0,0.0
2025-03-24,Week7_Strategy_Net,0.008070307268618656,0.00807030726861857,8.500145032286355e-17,0.9931224007815559,-0.06863349111562222,0.5453246594672281,False,,0.0,0.0,0.0,0.0,0.0
2025-03-25,Week7_Strategy_Net,0.0026897210716125197,0.002689721071612583,-6.331740687315346e-17,0.9957936230296285,-0.06612837499128177,0.546544328741255,False,,0.0,0.0,0.0,0.0,0.0
2025-03-26,Week7_Strategy_Net,0.0004904968327484416,0.0004904968327483772,6.440160904563896e-17,0.9962820566477956,-0.06567031391702138,0.5467666382696796,False,,0.0,0.0,0.0,0.0,0.0
2025-03-27,Week7_Strategy_Net,-0.002937151376148854,-0.0029371513761488055,-4.85722573273506e-17,0.9933558254340802,-0.06841458164027658,0.5454315017795777,False,,0.0,0.0,0.0,0.0,0.0
2025-03-28,Week7_Strategy_Net,-0.007068390662283496,-0.007068390662283486,-1.0408340855860843e-17,0.986334398393257,-0.07499939131252997,0.5421955611589215,False,,0.0,0.0,0.0,0.0,0.0
2025-03-31,Week7_Strategy_Net,0.006334583432114285,0.006334583432114238,4.683753385137379e-17,0.9925824159318433,-0.06913989778204277,0.5450773069134404,False,,0.0,0.0,0.0,0.0,0.0
2025-04-01,Week7_Strategy_Net,0.0010436845933009403,0.000812441406082387,0.00023124318721855328,0.9933888309854956,-0.06838362849173085,0.7765537015909643,True,2025-03-31,0.23100209389202886,0.23100209389202878,0.0001155010469460144,0.0001155010469460144,0.0002310020938920288
2025-04-02,Week7_Strategy_Net,0.0035276250016510165,0.003527625001650936,8.066464163292153e-17,0.9968931342620408,-0.06509723528765088,0.777339165517573,False,,0.0,0.0,0.0,0.0,0.0
2025-04-03,Week7_Strategy_Net,-0.050507826387765395,-0.05050782638776541,1.3877787807814457e-17,0.9465422289095784,-0.11231714181718411,0.7654948185245811,False,,0.0,0.0,0.0,0.0,0.0
2025-04-04,Week7_Strategy_Net,-0.06365141740006834,-0.0636514174000683,-4.163336342344337e-17,0.8862934744104638,-0.16881941394226418,0.7495535467952807,False,,0.0,0.0,0.0,0.0,0.0
2025-04-07,Week7_Strategy_Net,-0.003433328699973433,-0.0034333286999734813,4.8138576458356397e-17,0.8832505375881712,-0.17167313010323693,0.7486907194297292,False,,0.0,0.0,0.0,0.0,0.0
2025-04-08,Week7_Strategy_Net,-0.010444255770940353,-0.010444255770940214,-1.3877787807814457e-16,0.8740256430637798,-0.1803243877943811,0.7460382782517623,False,,0.0,0.0,0.0,0.0,0.0
2025-04-09,Week7_Strategy_Net,0.0570305572466207,0.05703055724662076,-6.245004513516506e-17,0.9238718125355433,-0.13357783086882957,0.7597404161997328,False,,0.0,0.0,0.0,0.0,0.0
2025-04-10,Week7_Strategy_Net,-0.035978887238049644,-0.03597888723804965,6.938893903907228e-18,0.8906319327699145,-0.16475073639254623,0.7507735249574399,False,,0.0,0.0,0.0,0.0,0.0
2025-04-11,Week7_Strategy_Net,0.01558702047580374,0.015587020475803737,3.469446951953614e-18,0.9045142309424038,-0.15173168901829692,0.7545986015794124,False,,0.0,0.0,0.0,0.0,0.0
2025-04-14,Week7_Strategy_Net,0.005161104929285264,0.005161104929285232,3.209238430557093e-17,0.9091825237983293,-0.14735368725713271,0.7558586407520693,False,,0.0,0.0,0.0,0.0,0.0
2025-04-15,Week7_Strategy_Net,0.00035876814479482563,0.00035876814479474106,8.456776945386935e-17,0.9095087095256722,-0.14704778492134396,0.7559461994813116,False,,0.0,0.0,0.0,0.0,0.0
2025-04-16,Week7_Strategy_Net,-0.002649619871817007,-0.0026496198718169994,-7.37257477290143e-18,0.9070988571753223,-0.14930778406012668,0.7552978317536492,False,,0.0,0.0,0.0,0.0,0.0
2025-04-17,Week7_Strategy_Net,0.009727119563245738,0.00972711956324579,-5.204170427930421e-17,0.9159223162147503,-0.141032999164157,0.7576551490939494,False,,0.0,0.0,0.0,0.0,0.0
2025-04-21,Week7_Strategy_Net,-0.018091630163723064,-0.01809163016372306,-3.469446951953614e-18,0.8993517884110924,-0.1565731124661215,0.7531899530029884,False,,0.0,0.0,0.0,0.0,0.0
2025-04-22,Week7_Strategy_Net,0.021934740632794825,0.02193474063279477,5.551115123125783e-17,0.9190788366275299,-0.1380727624453405,0.7584874677573015,False,,0.0,0.0,0.0,0.0,0.0
2025-04-23,Week7_Strategy_Net,0.003630594776790952,0.003630594776790952,0.0,0.9224156394512489,-0.13494345391870066,0.7593611299818822,False,,0.0,0.0,0.0,0.0,0.0
2025-04-24,Week7_Strategy_Net,0.010341939845755032,0.010341939845754933,9.8879238130678e-17,0.9319552065072373,-0.12599709115595137,0.7618243284497768,False,,0.0,0.0,0.0,0.0,0.0
2025-04-25,Week7_Strategy_Net,-0.0024753641198148927,-0.00247536411981486,-3.252606517456513e-17,0.9296482780277746,-0.12816056659711772,0.7612332939125215,False,,0.0,0.0,0.0,0.0,0.0
2025-04-28,Week7_Strategy_Net,0.003913758135913622,0.003913758135913659,-3.642919299551295e-17,0.933286696539444,-0.12474839792142689,0.7621641259994036,False,,0.0,0.0,0.0,0.0,0.0
2025-04-29,Week7_Strategy_Net,0.0026892486304807618,0.0026892486304808116,-4.9873299934333204e-17,0.9357965365099586,-0.12239462874921092,0.7628020103681737,False,,0.0,0.0,0.0,0.0,0.0
2025-04-30,Week7_Strategy_Net,-0.00985916265982229,-0.00985916265982234,5.0306980803327406e-17,0.9265703662400085,-0.13104708285550626,0.7604401508486277,False,,0.0,0.0,0.0,0.0,0.0
2025-05-01,Week7_Strategy_Net,0.0013557958686764198,0.0005939999219590764,0.0007617959467173434,0.9271207489652448,-0.1305309248905362,0.0,True,2025-04-30,0.7607645053439234,0.7607645053439234,0.00038038225267196166,0.00038038225267196166,0.0007607645053439233
2025-05-02,Week7_Strategy_Net,0.0,0.0,0.0,0.9271207489652448,-0.1305309248905362,0.0,False,,0.0,0.0,0.0,0.0,0.0
2025-05-05,Week7_Strategy_Net,0.0,0.0,0.0,0.9271207489652448,-0.1305309248905362,0.0,False,,0.0,0.0,0.0,0.0,0.0
2025-05-06,Week7_Strategy_Net,0.0,0.0,0.0,0.9271207489652448,-0.1305309248905362,0.0,False,,0.0,0.0,0.0,0.0,0.0
2025-05-07,Week7_Strategy_Net,0.0,0.0,0.0,0.9271207489652448,-0.1305309248905362,0.0,False,,0.0,0.0,0.0,0.0,0.0
2025-05-08,Week7_Strategy_Net,0.0,0.0,0.0,0.9271207489652448,-0.1305309248905362,0.0,False,,0.0,0.0,0.0,0.0,0.0
2025-05-09,Week7_Strategy_Net,0.0,0.0,0.0,0.9271207489652448,-0.1305309248905362,0.0,False,,0.0,0.0,0.0,0.0,0.0
2025-05-12,Week7_Strategy_Net,0.0,0.0,0.0,0.9271207489652448,-0.1305309248905362,0.0,False,,0.0,0.0,0.0,0.0,0.0
2025-05-13,Week7_Strategy_Net,0.0,0.0,0.0,0.9271207489652448,-0.1305309248905362,0.0,False,,0.0,0.0,0.0,0.0,0.0
2025-05-14,Week7_Strategy_Net,0.0,0.0,0.0,0.9271207489652448,-0.1305309248905362,0.0,False,,0.0,0.0,0.0,0.0,0.0
2025-05-15,Week7_Strategy_Net,0.0,0.0,0.0,0.9271207489652448,-0.1305309248905362,0.0,False,,0.0,0.0,0.0,0.0,0.0
2025-05-16,Week7_Strategy_Net,0.0,0.0,0.0,0.9271207489652448,-0.1305309248905362,0.0,False,,0.0,0.0,0.0,0.0,0.0
2025-05-19,Week7_Strategy_Net,0.0,0.0,0.0,0.9271207489652448,-0.1305309248905362,0.0,False,,0.0,0.0,0.0,0.0,0.0
2025-05-20,Week7_Strategy_Net,0.0,0.0,0.0,0.9271207489652448,-0.1305309248905362,0.0,False,,0.0,0.0,0.0,0.0,0.0
2025-05-21,Week7_Strategy_Net,0.0,0.0,0.0,0.9271207489652448,-0.1305309248905362,0.0,False,,0.0,0.0,0.0,0.0,0.0
2025-05-22,Week7_Strategy_Net,0.0,0.0,0.0,0.9271207489652448,-0.1305309248905362,0.0,False,,0.0,0.0,0.0,0.0,0.0
2025-05-23,Week7_Strategy_Net,0.0,0.0,0.0,0.9271207489652448,-0.1305309248905362,0.0,False,,0.0,0.0,0.0,0.0,0.0
2025-05-27,Week7_Strategy_Net,0.0,0.0,0.0,0.9271207489652448,-0.1305309248905362,0.0,False,,0.0,0.0,0.0,0.0,0.0
2025-05-28,Week7_Strategy_Net,0.0,0.0,0.0,0.9271207489652448,-0.1305309248905362,0.0,False,,0.0,0.0,0.0,0.0,0.0
2025-05-29,Week7_Strategy_Net,0.0,0.0,0.0,0.9271207489652448,-0.1305309248905362,0.0,False,,0.0,0.0,0.0,0.0,0.0
2025-05-30,Week7_Strategy_Net,0.0,0.0,0.0,0.9271207489652448,-0.1305309248905362,0.0,False,,0.0,0.0,0.0,0.0,0.0
2025-06-02,Week7_Strategy_Net,0.0,-0.00031704523390407857,0.00031704523390407857,0.9268268097505318,-0.1308065859168267,0.3170452339040266,True,2025-05-30,0.31704523390402667,0.3170452339040266,0.00015852261695201332,0.00015852261695201332,0.00031704523390402664
2025-06-03,Week7_Strategy_Net,0.0043290919339277,0.004329091933927609,9.107298248878237e-17,0.9308391282167706,-0.12704376771889625,0.31998906376307257,False,,0.0,0.0,0.0,0.0,0.0
2025-06-04,Week7_Strategy_Net,-0.0024320689266017783,-0.0024320689266017492,-2.905661822261152e-17,0.9285752632973695,-0.12916685744571044,0.3183311982521076,False,,0.0,0.0,0.0,0.0,0.0
2025-06-05,Week7_Strategy_Net,-0.0006484461745643933,-0.0006484461745642767,-1.1666015375944028e-16,0.9279731322200893,-0.1297315458656837,0.3178888859095478,False,,0.0,0.0,0.0,0.0,0.0
2025-06-06,Week7_Strategy_Net,0.004276623511906075,0.0042766235119060525,2.2551405187698492e-17,0.9319417239357588,-0.1260097353330627,0.32079359598638957,False,,0.0,0.0,0.0,0.0,0.0
2025-06-09,Week7_Strategy_Net,0.001161810051717612,0.001161810051717671,-5.898059818321144e-17,0.9330244631982425,-0.12499432465846927,0.32158178908310114,False,,0.0,0.0,0.0,0.0,0.0
2025-06-10,Week7_Strategy_Net,0.0034892296100846494,0.0034892296100845765,7.28583859910259e-17,0.936279999782167,-0.1219412289470756,0.32394071515794465,False,,0.0,0.0,0.0,0.0,0.0
2025-06-11,Week7_Strategy_Net,0.0016216643406172567,0.0016216643406172793,-2.2551405187698492e-17,0.937798331670647,-0.1205173123490928,0.3250352813733163,False,,0.0,0.0,0.0,0.0,0.0
2025-06-12,Week7_Strategy_Net,0.002192502549641952,0.0021925025496418726,7.936359902593892e-17,0.9398544569038848,-0.11858904431405215,0.3265119057371412,False,,0.0,0.0,0.0,0.0,0.0
2025-06-13,Week7_Strategy_Net,-0.00010697467218804711,-0.00010697467218800938,-3.7730235602495554e-17,0.9397539162814531,-0.11868333296209954,0.32643985186109503,False,,0.0,0.0,0.0,0.0,0.0
2025-06-16,Week7_Strategy_Net,0.0025158135149340073,0.0025158135149339067,1.0061396160665481e-16,0.9421181618847461,-0.1164661045802291,0.3281301511072162,False,,0.0,0.0,0.0,0.0,0.0
2025-06-17,Week7_Strategy_Net,3.789732157619195e-05,3.7897321576219056e-05,-2.710505431213761e-17,0.9421538656396898,-0.11643262101207086,0.3281556122100294,False,,0.0,0.0,0.0,0.0,0.0
2025-06-18,Week7_Strategy_Net,-0.0007295181740748055,-0.0007295181740748502,4.466912950640278e-17,0.9414665472719308,-0.11707719947306228,0.3276651317045437,False,,0.0,0.0,0.0,0.0,0.0
2025-06-20,Week7_Strategy_Net,0.0006622835811929041,0.0006622835811929129,-8.782037597132586e-18,0.9420900651084314,-0.11649245419881238,0.32811011334484497,False,,0.0,0.0,0.0,0.0,0.0
2025-06-23,Week7_Strategy_Net,-0.0016036544976035703,-0.0016036544976035794,9.107298248878237e-18,0.9405792781383726,-0.11790929504830316,0.3270309034263765,False,,0.0,0.0,0.0,0.0,0.0
2025-06-24,Week7_Strategy_Net,0.0014662257460246303,0.0014662257460247297,-9.93129189996722e-17,0.9419583796921565,-0.11661595094637389,0.3280161833991884,False,,0.0,0.0,0.0,0.0,0.0
2025-06-25,Week7_Strategy_Net,0.000992452891722788,0.0009924528917228947,-1.0668549377257364e-16,0.9428932290099645,-0.11573923389238872,0.32868243445837453,False,,0.0,0.0,0.0,0.0,0.0
2025-06-26,Week7_Strategy_Net,0.0033009196943725554,0.003300919694372517,3.8163916471489756e-17,0.946005643839294,-0.1128203601145833,0.3308911091737826,False,,0.0,0.0,0.0,0.0,0.0
2025-06-27,Week7_Strategy_Net,-0.0009665899567411769,-0.0009665899567411484,-2.8406096919120216e-17,0.9450912442849385,-0.11367789904432168,0.3302437294892425,False,,0.0,0.0,0.0,0.0,0.0
2025-06-30,Week7_Strategy_Net,0.0010568147669424845,0.0010568147669425265,-4.206704429243757e-17,0.9460900306680069,-0.11274122075976423,0.33095079057357557,False,,0.0,0.0,0.0,0.0,0.0
2025-07-01,Week7_Strategy_Net,-0.0006414518263478314,-0.0008797089330963015,0.00023825710674847005,0.9452577468165149,-0.11352175023383004,0.2878514088256251,True,2025-06-30,0.14053998937389228,0.23841003530112018,0.00011920501765056009,0.00011920501765056009,0.00023841003530112017
2025-07-02,Week7_Strategy_Net,0.0030394365277816074,0.0030394365277817137,-1.0625181290357943e-16,0.9481307977403576,-0.1108273558604067,0.29000938024967654,False,,0.0,0.0,0.0,0.0,0.0
2025-07-03,Week7_Strategy_Net,0.003819196511907443,0.00381919651190743,1.3010426069826053e-17,0.9517518955759195,-0.1074314307994253,0.29271065724045314,False,,0.0,0.0,0.0,0.0,0.0
2025-07-07,Week7_Strategy_Net,-0.002323797985689294,-0.0023237979856892688,-2.5153490401663703e-17,0.9495402164381043,-0.10950557984262321,0.29106323140561247,False,,0.0,0.0,0.0,0.0,0.0
2025-07-08,Week7_Strategy_Net,0.0015642493195362898,0.0015642493195362484,4.141652298894627e-17,0.9510255340755399,-0.10811262455184112,0.29217045329239755,False,,0.0,0.0,0.0,0.0,0.0
2025-07-09,Week7_Strategy_Net,0.0017555894286399012,0.0017555894286398477,5.355958732078392e-17,0.9526951444495295,-0.10654683650396701,0.29341093358778336,False,,0.0,0.0,0.0,0.0,0.0
2025-07-10,Week7_Strategy_Net,-0.0009672876027613163,-0.0009672876027613242,7.914675859144182e-18,0.9517736142470926,-0.10741106267266454,0.2927267969867433,False,,0.0,0.0,0.0,0.0,0.0
2025-07-11,Week7_Strategy_Net,-0.0012871856426121889,-0.0012871856426122097,2.0816681711721685e-17,0.9505485049158167,-0.10855999033754671,0.2918152317206975,False,,0.0,0.0,0.0,0.0,0.0
2025-07-14,Week7_Strategy_Net,-0.00023952506155410072,-0.00023952506155411335,1.2630955309456127e-17,0.9503208247266666,-0.10877351256073287,0.29164556308059225,False,,0.0,0.0,0.0,0.0,0.0
2025-07-15,Week7_Strategy_Net,0.0025896813416629912,0.0025896813416630415,-5.0306980803327406e-17,0.952781852835055,-0.10646551995501563,0.293475237076558,False,,0.0,0.0,0.0,0.0,0.0
2025-07-16,Week7_Strategy_Net,0.0009103342295407667,0.0009103342295406769,8.977193988179977e-17,0.9536492027689759,-0.10565210493255583,0.29411782578177154,False,,0.0,0.0,0.0,0.0,0.0
2025-07-17,Week7_Strategy_Net,0.002671635446433463,0.0026716354464335623,-9.93129189996722e-17,0.9561970057825566,-0.10326273339465042,0.2959986607141442,False,,0.0,0.0,0.0,0.0,0.0
2025-07-18,Week7_Strategy_Net,-0.00019273511152986957,-0.00019273511152984035,-2.9219248548484344e-17,0.9560127130460027,-0.10343556615174254,0.29586294878104524,False,,0.0,0.0,0.0,0.0,0.0
2025-07-21,Week7_Strategy_Net,0.0003855793211859473,0.0003855793211859915,-4.4181238528784306e-17,0.9563813317789441,-0.10308986944593979,0.29613434482257467,False,,0.0,0.0,0.0,0.0,0.0
2025-07-22,Week7_Strategy_Net,-0.0027433638299789944,-0.002743363829978973,-2.1250362580715887e-17,0.9537576298256747,-0.10555042025684347,0.2941980733458623,False,,0.0,0.0,0.0,0.0,0.0
2025-07-23,Week7_Strategy_Net,0.0016823848634345483,0.0016823848634346383,-8.998878031629687e-17,0.9553622172254786,-0.10404561182277816,0.2953835094640663,False,,0.0,0.0,0.0,0.0,0.0
2025-07-24,Week7_Strategy_Net,0.0012483200849690076,0.0012483200849691123,-1.0473392986209973e-16,0.9565548150696619,-0.10292717396480033,0.29626199974434136,False,,0.0,0.0,0.0,0.0,0.0
2025-07-25,Week7_Strategy_Net,0.0006799707561035589,0.0006799707561035984,-3.946495907847236e-17,0.9572052443705193,-0.10231719067700118,0.29674019584510986,False,,0.0,0.0,0.0,0.0,0.0
2025-07-28,Week7_Strategy_Net,0.0023672309980792196,0.0023672309980791173,1.0234868508263162e-16,0.9594711702965172,-0.10019216810432896,0.29840104264518025,False,,0.0,0.0,0.0,0.0,0.0
2025-07-29,Week7_Strategy_Net,1.1370039740911472e-05,1.1370039740832283e-05,7.918911023880454e-17,0.9594820795218536,-0.1001819372535212,0.2984090197625074,False,,0.0,0.0,0.0,0.0,0.0
2025-07-30,Week7_Strategy_Net,0.0006666303297083516,0.0006666303297082621,8.955509944730267e-17,0.9601216993768744,-0.09958209124167505,0.2988764100124671,False,,0.0,0.0,0.0,0.0,0.0
2025-07-31,Week7_Strategy_Net,-0.0021906791630150837,-0.0021906791630150746,-9.107298248878237e-18,0.9580183807760909,-0.10155461799239751,0.29733710104109407,False,,0.0,0.0,0.0,0.0,0.0
2025-08-01,Week7_Strategy_Net,-0.006416594463274371,-0.006907864652180407,0.0004912701889060352,0.9514005194673887,-0.1077609570886825,0.7872421088407153,True,2025-07-31,0.4944428280187225,0.49444282801872247,0.00024722141400936124,0.00024722141400936124,0.0004944428280187225
2025-08-04,Week7_Strategy_Net,0.012442344990879393,0.012442344990879484,-9.020562075079397e-17,0.9632381729551038,-0.0966594111024478,0.7898567832411225,False,,0.0,0.0,0.0,0.0,0.0
2025-08-05,Week7_Strategy_Net,-0.0050957317204408875,-0.005095731720440866,-2.168404344971009e-17,0.958329769642837,-0.10126259239565483,0.7887804651574485,False,,0.0,0.0,0.0,0.0,0.0
2025-08-06,Week7_Strategy_Net,0.006694374227182793,0.0066943742271827755,1.734723475976807e-17,0.964745187753876,-0.09524610785718335,0.79018504498478,False,,0.0,0.0,0.0,0.0,0.0
2025-08-07,Week7_Strategy_Net,-0.0033865572627331444,-0.003386557262733181,3.642919299551295e-17,0.9614780229316012,-0.09831010872160562,0.7894720801287318,False,,0.0,0.0,0.0,0.0,0.0
2025-08-08,Week7_Strategy_Net,0.007668356035850405,0.0076683560358503655,3.9898639947466563e-17,0.9688509787320863,-0.09139562960135572,0.7910741975668648,False,,0.0,0.0,0.0,0.0,0.0
2025-08-11,Week7_Strategy_Net,-0.0031971016059269123,-0.0031971016059268997,-1.2576745200831851e-17,0.965753463712078,-0.09430053009310946,0.7904040981725367,False,,0.0,0.0,0.0,0.0,0.0
2025-08-12,Week7_Strategy_Net,0.011110837260385286,0.011110837260385198,8.847089727481716e-17,0.9764837932810363,-0.08423745067615673,0.7927072936975281,False,,0.0,0.0,0.0,0.0,0.0
2025-08-13,Week7_Strategy_Net,0.002109556190917545,0.002109556190917461,8.413408858487514e-17,0.9785437407124828,-0.08230559812082028,0.7931436687517435,False,,0.0,0.0,0.0,0.0,0.0
2025-08-14,Week7_Strategy_Net,0.0006353773644916835,0.0006353773644915961,8.738669510233166e-17,0.9791654852554965,-0.08172251587034562,0.7932750171265363,False,,0.0,0.0,0.0,0.0,0.0
2025-08-15,Week7_Strategy_Net,-0.006970009996227393,-0.006970009996227433,3.9898639947466563e-17,0.9723406920353048,-0.08812291911403991,0.7918240285243767,False,,0.0,0.0,0.0,0.0,0.0
2025-08-18,Week7_Strategy_Net,0.001227463939257345,0.0012274639392573228,2.211772431870429e-17,0.9735342051714506,-0.08700362288021724,0.7920792437548907,False,,0.0,0.0,0.0,0.0,0.0
2025-08-19,Week7_Strategy_Net,-0.0072353754744955015,-0.007235375474495487,-1.474514954580286e-17,0.9664903196597706,-0.0936094944755329,0.7905638948965513,False,,0.0,0.0,0.0,0.0,0.0
2025-08-20,Week7_Strategy_Net,-0.0012584190556493055,-0.0012584190556492736,-3.187554387107383e-17,0.9652740698244102,-0.09475011355954444,0.7903000044261517,False,,0.0,0.0,0.0,0.0,0.0
2025-08-21,Week7_Strategy_Net,-0.002719759864748988,-0.0027197598647490384,5.0306980803327406e-17,0.9626487561508188,-0.09721217586825392,0.7897281153937143,False,,0.0,0.0,0.0,0.0,0.0
2025-08-22,Week7_Strategy_Net,0.011726859325366986,0.01172685932536699,-3.469446951953614e-18,0.9739376026939389,-0.08662531005400675,0.7921653629453924,False,,0.0,0.0,0.0,0.0,0.0
2025-08-25,Week7_Strategy_Net,-0.0030103740296992428,-0.003010374029699281,3.8163916471489756e-17,0.9710056862282415,-0.08937490950000493,0.7915378137938631,False,,0.0,0.0,0.0,0.0,0.0
2025-08-26,Week7_Strategy_Net,0.004706846432006636,0.004706846432006584,5.204170427930421e-17,0.9755760608779229,-0.08508873704188935,0.7925144165719145,False,,0.0,0.0,0.0,0.0,0.0
2025-08-27,Week7_Strategy_Net,0.003114834645856339,0.003114834645856268,7.068998164605489e-17,0.9786148189920134,-0.08223893974214336,0.7931586930410246,False,,0.0,0.0,0.0,0.0,0.0
2025-08-28,Week7_Strategy_Net,0.003976980788669459,0.003976980788669371,8.847089727481716e-17,0.9825067513266518,-0.07858902163690906,0.7939780384242552,False,,0.0,0.0,0.0,0.0,0.0
2025-08-29,Week7_Strategy_Net,-0.005971210494777771,-0.005971210494777779,7.806255641895632e-18,0.97663999670194,-0.08409096054091425,0.7927404480122833,False,,0.0,0.0,0.0,0.0,0.0
2025-09-02,Week7_Strategy_Net,-0.007065837955711392,-0.007569083940799914,0.0005032459850885223,0.9692477265869605,-0.09102355294271747,0.6,True,2025-08-29,0.34904635393527045,0.5068271435565921,0.000253413571778296,0.000253413571778296,0.000506827143556592
2025-09-03,Week7_Strategy_Net,0.00357965931656664,0.0035796593165666746,-3.469446951953614e-17,0.9727173032414985,-0.08776972693546925,0.6014267564246984,False,,0.0,0.0,0.0,0.0,0.0
2025-09-04,Week7_Strategy_Net,0.0029686558344877846,0.002968655834487688,9.6710833785707e-17,0.9756049661390735,-0.08506162921293992,0.6026064810134256,False,,0.0,0.0,0.0,0.0,0.0
2025-09-05,Week7_Strategy_Net,0.0005046790978833417,0.0005046790978833204,2.1250362580715887e-17,0.9760973335732751,-0.08459987894135224,0.6028069360506252,False,,0.0,0.0,0.0,0.0,0.0
2025-09-08,Week7_Strategy_Net,0.00451780052240178,0.004517800522401805,-2.5153490401663703e-17,0.9805071466168075,-0.08046428379622672,0.604593304625549,False,,0.0,0.0,0.0,0.0,0.0
2025-09-09,Week7_Strategy_Net,0.0011642732826174867,0.0011642732826175894,-1.0278236595162582e-16,0.9816487248910291,-0.0793936929294381,0.6050531307135126,False,,0.0,0.0,0.0,0.0,0.0
2025-09-10,Week7_Strategy_Net,0.01096812567587452,0.010968125675874463,5.724587470723463e-17,0.9924155714751958,-0.06929636725548549,0.6093379610534716,False,,0.0,0.0,0.0,0.0,0.0
2025-09-11,Week7_Strategy_Net,0.0020526093708979165,0.0020526093708979065,9.974659986866641e-18,0.9944526129770308,-0.06738599625738528,0.610138195047672,False,,0.0,0.0,0.0,0.0,0.0
2025-09-12,Week7_Strategy_Net,-0.00040506818141325553,-0.0004050681814132817,2.6183482465524932e-17,0.9940497918655905,-0.06776376851584187,0.6099802104408001,False,,0.0,0.0,0.0,0.0,0.0
2025-09-15,Week7_Strategy_Net,0.005494400480439086,0.005494400480439143,-5.724587470723463e-17,0.9995114995195973,-0.06264168931769254,0.6121114256102838,False,,0.0,0.0,0.0,0.0,0.0
2025-09-16,Week7_Strategy_Net,-0.0021275584674369306,-0.002127558467436952,2.1250362580715887e-17,0.9973849803654937,-0.0646359739286071,0.6112844104663467,False,,0.0,0.0,0.0,0.0,0.0
2025-09-17,Week7_Strategy_Net,-0.0021096493478797783,-0.0021096493478798273,4.90059381963448e-17,0.9952808477920805,-0.0666092640362389,0.6104626231933918,False,,0.0,0.0,0.0,0.0,0.0
2025-09-18,Week7_Strategy_Net,0.010548123155547458,0.01054812315554754,-8.153200337090993e-17,1.005779192748949,-0.05676374360104608,0.6145286227535262,False,,0.0,0.0,0.0,0.0,0.0
2025-09-19,Week7_Strategy_Net,0.0062316791543691385,0.006231679154369063,7.546047120499111e-17,1.0120468859783007,-0.05088579788439973,0.6169158800780138,False,,0.0,0.0,0.0,0.0,0.0
2025-09-22,Week7_Strategy_Net,0.009075620148264851,0.009075620148264907,-5.551115123125783e-17,1.0212318390876742,-0.04227199790867486,0.6203613363826003,False,,0.0,0.0,0.0,0.0,0.0
2025-09-23,Week7_Strategy_Net,-0.005355216951175794,-0.005355216951175801,6.938893903907228e-18,1.0157629210319115,-0.04740083914009008,0.6183173429475833,False,,0.0,0.0,0.0,0.0,0.0
2025-09-24,Week7_Strategy_Net,-0.003817307466308126,-0.0038173074663081508,2.47198095326695e-17,1.0118854416494574,-0.05103720302923953,0.6168547597613399,False,,0.0,0.0,0.0,0.0,0.0
2025-09-25,Week7_Strategy_Net,-0.0010853473604696964,-0.001085347360469724,2.7538735181131813e-17,1.0107871944562654,-0.05206715729611566,0.6164384622587747,False,,0.0,0.0,0.0,0.0,0.0
2025-09-26,Week7_Strategy_Net,0.0018627141153686557,0.0018627141153686466,9.107298248878237e-18,1.0126700020310129,-0.050301429409589704,0.6171515993786585,False,,0.0,0.0,0.0,0.0,0.0
2025-09-29,Week7_Strategy_Net,0.0032977324639408994,0.003297732463940939,-3.946495907847236e-17,1.0160095167719696,-0.047169577602395485,0.6184099811716645,False,,0.0,0.0,0.0,0.0,0.0
2025-09-30,Week7_Strategy_Net,0.003375163665394684,0.003375163665394698,-1.431146867680866e-17,1.0194387151766735,-0.04395361898143646,0.619693577590298,False,,0.0,0.0,0.0,0.0,0.0
2025-10-01,Week7_Strategy_Net,0.00606808817556403,0.005517563032146677,0.0005505251434173523,1.0250635325450714,-0.03867857281251086,0.9999999999999999,True,2025-09-30,0.4626086329381077,0.5472046573067878,0.0002736023286533939,0.0002736023286533939,0.0005472046573067878
2025-10-02,Week7_Strategy_Net,0.0025610835602504637,0.002561083560250532,-6.852157730108388e-17,1.027688805906485,-0.03621654830922427,0.9999999999999999,False,,0.0,0.0,0.0,0.0,0.0
2025-10-03,Week7_Strategy_Net,0.0004858427316048494,0.00048584273160479086,5.854691731421724e-17,1.0281881010431864,-0.03574830112437932,1.0,False,,0.0,0.0,0.0,0.0,0.0
2025-10-06,Week7_Strategy_Net,0.005248441935726456,0.005248441935726378,7.806255641895632e-17,1.0335844865905164,-0.030687482071405037,1.0,False,,0.0,0.0,0.0,0.0,0.0
2025-10-07,Week7_Strategy_Net,-0.002993770311574032,-0.0029937703115738845,-1.474514954580286e-16,1.0304901720400583,-0.03358938111021659,1.0,False,,0.0,0.0,0.0,0.0,0.0
2025-10-08,Week7_Strategy_Net,0.007168636021638915,0.007168636021638974,-5.898059818321144e-17,1.0378773810072897,-0.026661535135948822,1.0,False,,0.0,0.0,0.0,0.0,0.0
2025-10-09,Week7_Strategy_Net,-0.0025397249567033326,-0.002539724956703293,-3.946495907847236e-17,1.0352414579207476,-0.029133547126483306,1.0,False,,0.0,0.0,0.0,0.0,0.0
2025-10-10,Week7_Strategy_Net,-0.032031433548981164,-0.03203143354898119,2.7755575615628914e-17,1.0020811899542088,-0.06023179139663648,0.9999999999999998,False,,0.0,0.0,0.0,0.0,0.0
2025-10-13,Week7_Strategy_Net,0.01752658908809525,0.017526589088095346,-9.71445146547012e-17,1.019644255203446,-0.04376086016638969,0.9999999999999999,False,,0.0,0.0,0.0,0.0,0.0
2025-10-14,Week7_Strategy_Net,-0.0018949313571094304,-0.0018949313571092752,-1.5525775109992423e-16,1.0177120993311646,-0.04557286769735569,0.9999999999999999,False,,0.0,0.0,0.0,0.0,0.0
2025-10-15,Week7_Strategy_Net,0.00530577749937955,0.00530577749937966,-1.1015494072452725e-16,1.0231118532886423,-0.040508889693986805,0.9999999999999999,False,,0.0,0.0,0.0,0.0,0.0
2025-10-16,Week7_Strategy_Net,-0.012450863691975496,-0.012450863691975456,-3.9898639947466563e-17,1.010373227061701,-0.05245538272206929,0.9999999999999999,False,,0.0,0.0,0.0,0.0,0.0
2025-10-17,Week7_Strategy_Net,0.004649844663537871,0.004649844663537905,-3.469446951953614e-17,1.0150713056197354,-0.04804944743995543,1.0,False,,0.0,0.0,0.0,0.0,0.0
2025-10-20,Week7_Strategy_Net,0.011400753881619975,0.011400753881619874,1.0061396160665481e-16,1.0266438837474006,-0.03719649348274623,1.0,False,,0.0,0.0,0.0,0.0,0.0
2025-10-21,Week7_Strategy_Net,-0.00023634144668244547,-0.00023634144668249757,5.209591438792849e-17,1.026401245246688,-0.037424043856347566,1.0,False,,0.0,0.0,0.0,0.0,0.0
2025-10-22,Week7_Strategy_Net,-0.007970141472189269,-0.007970141472189218,-5.0306980803327406e-17,1.0182206821148407,-0.045095910404540196,1.0,False,,0.0,0.0,0.0,0.0,0.0
2025-10-23,Week7_Strategy_Net,0.007802450377983484,0.007802450377983439,4.5102810375396984e-17,1.0261652984608782,-0.03764531862973819,1.0,False,,0.0,0.0,0.0,0.0,0.0
2025-10-24,Week7_Strategy_Net,0.013402031695615015,0.013402031695614935,7.979727989493313e-17,1.0399179983157911,-0.024747810687590466,1.0,False,,0.0,0.0,0.0,0.0,0.0
2025-10-27,Week7_Strategy_Net,0.011966391800596892,0.011966391800596998,-1.0581813203458523e-16,1.0523620645241305,-0.013077560885888073,1.0,False,,0.0,0.0,0.0,0.0,0.0
2025-10-28,Week7_Strategy_Net,0.002574225184720551,0.002574225184720502,4.85722573273506e-17,1.055071081454073,-0.010537000287754839,1.0,False,,0.0,0.0,0.0,0.0,0.0
2025-10-29,Week7_Strategy_Net,-0.003595749609113399,-0.0035957496091133523,-4.683753385137379e-17,1.0512773100253476,-0.014094861482202292,0.9999999999999999,False,,0.0,0.0,0.0,0.0,0.0
2025-10-30,Week7_Strategy_Net,-0.0057026061538720104,-0.00570260615387197,-4.0766001685454967e-17,1.0452822895677711,-0.019717090192247877,0.9999999999999999,False,,0.0,0.0,0.0,0.0,0.0
2025-10-31,Week7_Strategy_Net,0.001726415172467119,0.0017264151724671883,-6.938893903907228e-17,1.0470868807719922,-0.018024714903445482,0.9999999999999999,False,,0.0,0.0,0.0,0.0,0.0
2025-11-03,Week7_Strategy_Net,0.00040745783010273846,-0.0006905046187946073,0.0010979624488973458,1.04636386244454,-0.018702773373346693,0.9818756045131378,True,2025-10-31,0.5578198265993668,1.0975152577118716,0.0005487576288559358,0.0005487576288559358,0.0010975152577118717
2025-11-04,Week7_Strategy_Net,-0.003142611368058237,-0.003142611368058268,3.0791341698588326e-17,1.0430755474752964,-0.021786609193187645,0.9818184670209091,False,,0.0,0.0,0.0,0.0,0.0
2025-11-05,Week7_Strategy_Net,0.0029641993301921027,0.0029641993301920966,6.071532165918825e-18,1.0461674313144624,-0.01888698971537317,0.9818722014292903,False,,0.0,0.0,0.0,0.0,0.0
2025-11-06,Week7_Strategy_Net,0.0032735984063800034,0.003273598406380085,-8.153200337090993e-17,1.0495921633504202,-0.01567521972842667,0.9819313509300909,False,,0.0,0.0,0.0,0.0,0.0
2025-11-07,Week7_Strategy_Net,0.010704154907419602,0.010704154907419605,-3.469446951953614e-18,1.0608271604565367,-0.005138854801188031,0.9821227121881535,False,,0.0,0.0,0.0,0.0,0.0
2025-11-10,Week7_Strategy_Net,0.006349183129125887,0.006349183129125802,8.500145032286355e-17,1.0675625463666258,0.0,0.9822355022376437,False,,0.0,0.0,0.0,0.0,0.0
2025-11-11,Week7_Strategy_Net,0.00886854485139086,0.00886854485139077,9.020562075079397e-17,1.0770302726907433,0.0,0.9823916625679185,False,,0.0,0.0,0.0,0.0,0.0
2025-11-12,Week7_Strategy_Net,-0.003277897053033064,-0.003277897053032941,-1.231653667943533e-16,1.073499878333863,-0.003277897053032941,0.9823337544336384,False,,0.0,0.0,0.0,0.0,0.0
2025-11-13,Week7_Strategy_Net,-0.004702481318666499,-0.004702481318666463,-3.642919299551295e-17,1.0684517652104073,-0.00796496412204295,0.9822502867386149,False,,0.0,0.0,0.0,0.0,0.0
2025-11-14,Week7_Strategy_Net,0.004180680162743986,0.004180680162743977,8.673617379884035e-18,1.0729186203100711,-0.003817582926801122,0.9823241836732923,False,,0.0,0.0,0.0,0.0,0.0
2025-11-17,Week7_Strategy_Net,-0.018304203515563083,-0.018304203515563056,-2.7755575615628914e-17,1.0532796995282785,-0.022051908627534478,0.9819946093382423,False,,0.0,0.0,0.0,0.0,0.0
2025-11-18,Week7_Strategy_Net,0.003473223292440792,0.003473223292440819,-2.688821387764051e-17,1.0569379751141352,-0.01865527653778154,0.9820569296281956,False,,0.0,0.0,0.0,0.0,0.0
2025-11-19,Week7_Strategy_Net,-0.005151222455783364,-0.005151222455783366,2.6020852139652106e-18,1.0514934524823571,-0.023710401514144497,0.9819640222948287,False,,0.0,0.0,0.0,0.0,0.0
2025-11-20,Week7_Strategy_Net,-0.009941463565349595,-0.00994146356534964,4.5102810375396984e-17,1.0410400686353,-0.03341614898672152,0.9817829178362305,False,,0.0,0.0,0.0,0.0,0.0
2025-11-21,Week7_Strategy_Net,0.008325424674579363,0.008325424674579418,-5.551115123125783e-17,1.0497071693099422,-0.025368927943445585,0.981933330532007,False,,0.0,0.0,0.0,0.0,0.0
2025-11-24,Week7_Strategy_Net,0.0005032228430396236,0.000503222843039719,-9.540979117872439e-17,1.0502354059360415,-0.024878471324450535,0.9819424175200008,False,,0.0,0.0,0.0,0.0,0.0
2025-11-25,Week7_Strategy_Net,0.0025271241825317453,0.002527124182531759,-1.3877787807814457e-17,1.0528894812277334,-0.022414218128427255,0.9819879362419013,False,,0.0,0.0,0.0,0.0,0.0
2025-11-26,Week7_Strategy_Net,0.007538203015758286,0.007538203015758249,3.729655473350135e-17,1.0608263758903844,-0.015044978039360668,0.982122698966466,False,,0.0,0.0,0.0,0.0,0.0
2025-11-28,Week7_Strategy_Net,0.010101974359559032,0.010101974359558952,7.979727989493313e-17,1.0715428167395729,-0.005094987662195516,0.9823014888720825,False,,0.0,0.0,0.0,0.0,0.0
2025-12-01,Week7_Strategy_Net,0.0011274627036239864,0.0005865827841693427,0.0005408799194546437,1.0721713653083726,-0.004511393510074346,0.6,True,2025-11-28,0.46129610255307163,0.5402707842953718,0.00027013539214768587,0.00027013539214768587,0.0005402707842953717
2025-12-02,Week7_Strategy_Net,-0.00775299467653866,-0.0077529946765387825,1.222980050563649e-16,1.0638588264207995,-0.012229411376745714,0.5968745706926023,False,,0.0,0.0,0.0,0.0,0.0
2025-12-03,Week7_Strategy_Net,0.011190612114375262,0.01119061211437522,4.163336342344337e-17,1.0757640578917291,-0.0011756538614747791,0.6013358663759031,False,,0.0,0.0,0.0,0.0,0.0
2025-12-04,Week7_Strategy_Net,0.002553889232029177,0.0025538892320291495,2.7321894746634712e-17,1.0785114401353828,0.0,0.6023514168106421,False,,0.0,0.0,0.0,0.0,0.0
2025-12-05,Week7_Strategy_Net,-0.0024821156154875013,-0.0024821156154876123,1.1102230246251565e-16,1.0758344500483408,-0.0024821156154876123,0.6013619510845015,False,,0.0,0.0,0.0,0.0,0.0
2025-12-08,Week7_Strategy_Net,-0.00654788104280107,-0.006547881042801018,-5.204170427930421e-17,1.068790014047677,-0.009013744060503925,0.5987345124051489,False,,0.0,0.0,0.0,0.0,0.0
2025-12-09,Week7_Strategy_Net,0.0036910226230362875,0.003691022623036222,6.548581121812447e-17,1.0727349421688022,-0.005355991370713298,0.6002101458014562,False,,0.0,0.0,0.0,0.0,0.0
2025-12-10,Week7_Strategy_Net,0.006304220368416631,0.006304220368416713,-8.239936510889834e-17,1.079497699641135,0.0,0.6027147197572347,False,,0.0,0.0,0.0,0.0,0.0
2025-12-11,Week7_Strategy_Net,-0.0028713519097379892,-0.0028713519097380846,9.540979117872439e-17,1.0763980818597125,-0.0028713519097380846,0.6015706889941825,False,,0.0,0.0,0.0,0.0,0.0
2025-12-12,Week7_Strategy_Net,-0.005890032677422261,-0.005890032677422274,1.3010426069826053e-17,1.0700580619836442,-0.008744472230583611,0.5992100229324715,False,,0.0,0.0,0.0,0.0,0.0
2025-12-15,Week7_Strategy_Net,-0.004213327427483289,-0.004213327427483149,-1.3964523981613297e-16,1.065549557002089,-0.012920956333378864,0.5975142185503174,False,,0.0,0.0,0.0,0.0,0.0
2025-12-16,Week7_Strategy_Net,-0.018246732023587692,-0.01824673202358773,3.8163916471489756e-17,1.0461067597776192,-0.03093192312926285,0.5900336728399332,False,,0.0,0.0,0.0,0.0,0.0
2025-12-17,Week7_Strategy_Net,0.013063962286979574,0.01306396228697948,9.367506770274758e-17,1.0597730590355083,-0.018272054319507847,0.5953203919774495,False,,0.0,0.0,0.0,0.0,0.0
2025-12-18,Week7_Strategy_Net,-0.008641278619281427,-0.008641278619281545,1.1796119636642288e-16,1.0506152647591742,-0.02675543902646793,0.5917929612210083,False,,0.0,0.0,0.0,0.0,0.0
2025-12-19,Week7_Strategy_Net,0.0,0.0,0.0,1.0506152647591742,-0.02675543902646793,0.5917929612210083,False,,0.0,0.0,0.0,0.0,0.0
2025-12-22,Week7_Strategy_Net,0.006126580108654787,0.0061265801086547444,4.2500725161431774e-17,1.0570519433420968,-0.02079277825835102,0.5942786456005287,False,,0.0,0.0,0.0,0.0,0.0
2025-12-23,Week7_Strategy_Net,0.003898206051678087,0.0038982060516781214,-3.426078865054194e-17,1.0611725496245712,-0.016975626740710736,0.595854089634078,False,,0.0,0.0,0.0,0.0,0.0
2025-12-24,Week7_Strategy_Net,-0.0017406414844359911,-0.0017406414844359785,-1.2576745200831851e-17,1.05932542866255,-0.018686719745017566,0.5951493898670814,False,,0.0,0.0,0.0,0.0,0.0
2025-12-26,Week7_Strategy_Net,-0.0022802563216013814,-0.002280256321601337,-4.423544863740858e-17,1.0569098951572091,-0.02092436555579036,0.5942241168443625,False,,0.0,0.0,0.0,0.0,0.0
2025-12-29,Week7_Strategy_Net,0.005646443677726896,0.00564644367772682,7.632783294297951e-17,1.0628776773526465,-0.015396070129666373,0.5965024430736475,False,,0.0,0.0,0.0,0.0,0.0
2025-12-30,Week7_Strategy_Net,0.004545322631722789,0.0045453226317226925,9.627715291671279e-17,1.0677087993142704,-0.01092072760394358,0.5983281711279452,False,,0.0,0.0,0.0,0.0,0.0
2025-12-31,Week7_Strategy_Net,-0.0033270341532447875,-0.0033270341532447567,-3.0791341698588326e-17,1.064156495673232,-0.014211428123471759,0.5969873342247206,False,,0.0,0.0,0.0,0.0,0.0
2026-01-02,Week7_Strategy_Net,0.012551293773555572,0.0113342243692931,0.001217069404262472,1.076217884159233,-0.0030382792691382443,0.6,True,2025-12-31,0.6019829629831986,1.2019829629831986,0.0006009914814915992,0.0006009914814915992,0.0012019829629831985
2026-01-05,Week7_Strategy_Net,0.013107566712678959,0.013107566712678986,-2.7755575615628914e-17,1.0903244818732283,0.0,0.6051751925040735,False,,0.0,0.0,0.0,0.0,0.0
2026-01-06,Week7_Strategy_Net,0.002911088305708349,0.002911088305708409,-6.028164079019405e-17,1.093498512721837,0.0,0.6063212261787501,False,,0.0,0.0,0.0,0.0,0.0
2026-01-07,Week7_Strategy_Net,-0.00849281935617364,-0.008492819356173742,1.0234868508263162e-16,1.084211627387046,-0.008492819356173742,0.6029491449919524,False,,0.0,0.0,0.0,0.0,0.0
2026-01-08,Week7_Strategy_Net,0.0031443145203968125,0.0031443145203968736,-6.114900252818245e-17,1.087620729750222,-0.0053752089309976325,0.6041936845369278,False,,0.0,0.0,0.0,0.0,0.0
2026-01-09,Week7_Strategy_Net,-0.0018374485335997338,-0.0018374485335995727,-1.6111244283134596e-16,1.08562228263523,-0.007202780794829167,0.6034650720149806,False,,0.0,0.0,0.0,0.0,0.0
2026-01-12,Week7_Strategy_Net,-0.0047644865200164414,-0.0047644865200164865,4.5102810375396984e-17,1.080449849903785,-0.011932949762842093,0.6015667421287267,False,,0.0,0.0,0.0,0.0,0.0
2026-01-13,Week7_Strategy_Net,-0.011533039643027976,-0.011533039643027987,1.0408340855860843e-17,1.067988978952541,-0.023328366223196895,0.5969179812268239,False,,0.0,0.0,0.0,0.0,0.0
2026-01-14,Week7_Strategy_Net,-0.0008805114482582469,-0.0008805114482584031,1.562335330551612e-16,1.0670486024299595,-0.024188336777926533,0.5965627501096417,False,,0.0,0.0,0.0,0.0,0.0
2026-01-15,Week7_Strategy_Net,0.002423646412730531,0.002423646412730518,1.3010426069826053e-17,1.069634750947448,-0.021823314340857713,0.5975381752674158,False,,0.0,0.0,0.0,0.0,0.0
2026-01-16,Week7_Strategy_Net,0.0007692937992587839,0.000769293799258719,6.494371013188172e-17,1.0704576143288236,-0.021070809082000652,0.5978475486545926,False,,0.0,0.0,0.0,0.0,0.0
2026-01-20,Week7_Strategy_Net,-0.013617340640269522,-0.013617340640269537,1.5612511283791264e-17,1.0558808283535377,-0.03440122133743451,0.5922957003254213,False,,0.0,0.0,0.0,0.0,0.0
2026-01-21,Week7_Strategy_Net,0.0028946278110770058,0.0028946278110770773,-7.155734338404329e-17,1.058937210364473,-0.03160617225837581,0.5934724462883642,False,,0.0,0.0,0.0,0.0,0.0
2026-01-22,Week7_Strategy_Net,0.003885497454646857,0.0038854974546469467,-8.977193988179977e-17,1.063051708199975,-0.027843480505589824,0.5950458944347865,False,,0.0,0.0,0.0,0.0,0.0
2026-01-23,Week7_Strategy_Net,-0.00818317550598617,-0.008183175505986129,-4.163336342344337e-17,1.0543525694998364,-0.03579880792390122,0.5917047426859237,False,,0.0,0.0,0.0,0.0,0.0
2026-01-26,Week7_Strategy_Net,0.0037908516995225202,0.003790851699522424,9.627715291671279e-17,1.0583494637298207,-0.03214366419623793,0.5932466841844694,False,,0.0,0.0,0.0,0.0,0.0
2026-01-27,Week7_Strategy_Net,-0.004554032270564331,-0.004554032270564279,-5.204170427930421e-17,1.0535297061184608,-0.03655131318275828,0.5913858421232894,False,,0.0,0.0,0.0,0.0,0.0
2026-01-28,Week7_Strategy_Net,-0.00011158524783779638,-0.00011158524783783097,3.458604930228759e-17,1.053412147745099,-0.03665881984325581,0.5913402417228807,False,,0.0,0.0,0.0,0.0,0.0
2026-01-29,Week7_Strategy_Net,0.006249299472880156,0.006249299472880221,-6.505213034913027e-17,1.0599952357247282,-0.030638612313898417,0.5938782183588162,False,,0.0,0.0,0.0,0.0,0.0
2026-01-30,Week7_Strategy_Net,-0.0012199508671320335,-0.0012199508671320025,-3.1008182133085427e-17,1.05870209361775,-0.031821185579370304,0.5933821645779016,False,,0.0,0.0,0.0,0.0,0.0
2026-02-02,Week7_Strategy_Net,0.006551194279793437,0.005938675735597254,0.0006125185441961832,1.0649893820523437,-0.026071485546451223,0.8989993354926832,True,2026-01-30,0.45575130472711534,0.6085319332757502,0.00030426596663787506,0.00030426596663787506,0.0006085319332757501
2026-02-03,Week7_Strategy_Net,0.01064971453530141,0.010649714535301502,-9.194034422677078e-17,1.0763312149543283,-0.01569942488973075,0.9000636293122024,False,,0.0,0.0,0.0,0.0,0.0
2026-02-04,Week7_Strategy_Net,0.013942003121307826,0.013942003121307778,4.85722573273506e-17,1.0913374281127826,-0.0019763031992383606,0.9014377840348319,False,,0.0,0.0,0.0,0.0,0.0
2026-02-05,Week7_Strategy_Net,-0.010873159914257453,-0.010873159914257302,-1.5092094240998222e-16,1.079471141736498,-0.012827974452771285,0.900354320628258,False,,0.0,0.0,0.0,0.0,0.0
2026-02-06,Week7_Strategy_Net,0.017193982974164607,0.017193982974164523,8.326672684688674e-17,1.0980315501686173,0.0,0.9020386661348616,False,,0.0,0.0,0.0,0.0,0.0
2026-02-09,Week7_Strategy_Net,0.0008982276476915104,0.0008982276476914297,8.066464163292153e-17,1.0990178324650162,0.0,0.9021265787478046,False,,0.0,0.0,0.0,0.0,0.0
2026-02-10,Week7_Strategy_Net,-0.003629803251079885,-0.003629803251079866,-1.9081958235744878e-17,1.09502861396374,-0.003629803251079866,0.9017700232588761,False,,0.0,0.0,0.0,0.0,0.0
2026-02-11,Week7_Strategy_Net,0.0059358227299642205,0.00593582272996418,4.0766001685454967e-17,1.101528509700467,0.0,0.9023496583762749,False,,0.0,0.0,0.0,0.0,0.0
2026-02-12,Week7_Strategy_Net,-0.01713204938379333,-0.017132049383793202,-1.2836953722228372e-16,1.0826570688746224,-0.017132049383793202,0.9006475472493499,False,,0.0,0.0,0.0,0.0,0.0
2026-02-13,Week7_Strategy_Net,0.0029913820313752708,0.002991382031375167,1.0364972768961422e-16,1.0858957097765953,-0.01419191585710533,0.9009438620006585,False,,0.0,0.0,0.0,0.0,0.0
2026-02-17,Week7_Strategy_Net,-0.000933131726090889,-0.0009331317260908856,-3.469446951953614e-18,1.0848824260385768,-0.015111804656255945,0.9008513432434397,False,,0.0,0.0,0.0,0.0,0.0
2026-02-18,Week7_Strategy_Net,0.012347870259962205,0.012347870259962201,3.469446951953614e-18,1.0982784134826142,-0.002950532999583033,0.9020606851959893,False,,0.0,0.0,0.0,0.0,0.0
2026-02-19,Week7_Strategy_Net,3.1761645743255684e-05,3.1761645743255684e-05,0.0,1.0983132966125106,-0.0029188650676237327,0.902063795811012,False,,0.0,0.0,0.0,0.0,0.0
2026-02-20,Week7_Strategy_Net,5.577177045979799e-05,5.577177045990034e-05,-1.0234868508263162e-16,1.0983745514895824,-0.0028632560874364277,0.9020692575818994,False,,0.0,0.0,0.0,0.0,0.0
2026-02-23,Week7_Strategy_Net,-0.011615859623764855,-0.011615859623764768,-8.673617379884035e-17,1.0856159868851638,-0.01444585653042263,0.9009183389154516,False,,0.0,0.0,0.0,0.0,0.0
2026-02-24,Week7_Strategy_Net,0.0015653100777570394,0.001565310077757065,-2.5587171270657905e-17,1.0873153125300092,-0.012903158697474604,0.9010731900480299,False,,0.0,0.0,0.0,0.0,0.0
2026-02-25,Week7_Strategy_Net,0.005100019061962338,0.005100019061962335,2.6020852139652106e-18,1.0928606413502757,-0.00786894599082899,0.9015751586152627,False,,0.0,0.0,0.0,0.0,0.0
2026-02-26,Week7_Strategy_Net,0.006633829731656469,0.006633829731656382,8.673617379884035e-17,1.1001104927654222,-0.0012873175070433618,0.902223789348531,False,,0.0,0.0,0.0,0.0,0.0
2026-02-27,Week7_Strategy_Net,-0.0008285626758931476,-0.0008285626758931519,4.336808689942018e-18,1.0991989822717583,-0.0021148135596982254,0.9021427084491882,False,,0.0,0.0,0.0,0.0,0.0
2026-03-02,Week7_Strategy_Net,0.008847976634260776,0.008758182726451569,8.979390780920748e-05,1.108825967811224,0.0,0.8139945723177844,True,2026-02-27,0.08900638142622229,0.0890063814262223,4.4503190713111153e-05,4.4503190713111153e-05,8.900638142622231e-05
2026-03-03,Week7_Strategy_Net,-0.004579589715873242,-0.004579589715873245,2.6020852139652106e-18,1.1037479998123425,-0.004579589715873245,0.8131388248015496,False,,0.0,0.0,0.0,0.0,0.0
2026-03-04,Week7_Strategy_Net,-0.0002963070139733147,-0.00029630701397331816,3.469446951953614e-18,1.103420951538339,-0.004874539765292618,0.8130834401138276,False,,0.0,0.0,0.0,0.0,0.0
2026-03-05,Week7_Strategy_Net,0.00014596170142726524,0.00014596170142722187,4.336808689942018e-17,1.103582008737816,-0.004729289559983196,0.8131107187912914,False,,0.0,0.0,0.0,0.0,0.0
2026-03-06,Week7_Strategy_Net,-0.00431005750549146,-0.004310057505491516,5.551115123125783e-17,1.0988255068181303,-0.009018963555511017,0.8123017284472174,False,,0.0,0.0,0.0,0.0,0.0
2026-03-09,Week7_Strategy_Net,-0.0037151346556036262,-0.0037151346556036913,6.505213034913027e-17,1.094743222097289,-0.012700591547051943,0.8116018037793851,False,,0.0,0.0,0.0,0.0,0.0
2026-03-10,Week7_Strategy_Net,-0.007530260314615814,-0.007530260314615789,-2.5153490401663703e-17,1.0864995206572352,-0.020135213101168836,0.8101723521763619,False,,0.0,0.0,0.0,0.0,0.0
2026-03-11,Week7_Strategy_Net,0.007344968857510035,0.007344968857510015,1.9949319973733282e-17,1.0944798258001622,-0.012938136756826202,0.8115564640791,False,,0.0,0.0,0.0,0.0,0.0
2026-03-12,Week7_Strategy_Net,-0.002143694415781914,-0.0021436944157818827,-3.122502256758253e-17,1.0921335955094085,-0.015054095761091846,0.8111516308847981,False,,0.0,0.0,0.0,0.0,0.0
2026-03-13,Week7_Strategy_Net,0.0019059654023361183,0.0019059654023361183,0.0,1.0942151643571782,-0.013176822944439892,0.8115108846174344,False,,0.0,0.0,0.0,0.0,0.0
2026-03-16,Week7_Strategy_Net,0.004646553619528739,0.004646553619528815,-7.546047120499111e-17,1.0992994937896654,-0.00859149613925747,0.8123826586539521,False,,0.0,0.0,0.0,0.0,0.0
2026-03-17,Week7_Strategy_Net,0.006590500459458614,0.006590500459458637,-2.2551405187698492e-17,1.1065444276085687,-0.0020576179390521254,0.8136110550810782,False,,0.0,0.0,0.0,0.0,0.0
2026-03-18,Week7_Strategy_Net,-0.005049234371825552,-0.005049234371825473,-7.892991815694472e-17,1.1009572254507356,-0.007096462915655688,0.8126651575555672,False,,0.0,0.0,0.0,0.0,0.0
2026-03-19,Week7_Strategy_Net,0.007180854537404518,0.00718085453740458,-6.158268339717665e-17,1.1088630391386018,0.0,0.8140007908207558,False,,0.0,0.0,0.0,0.0,0.0
2026-03-20,Week7_Strategy_Net,0.0003018470483469092,0.0003018470483469038,5.421010862427522e-18,1.1091977461739868,0.0,0.8140569171914621,False,,0.0,0.0,0.0,0.0,0.0
2026-03-23,Week7_Strategy_Net,0.008657105615969891,0.008657105615969884,6.938893903907228e-18,1.1188001882116108,0.0,0.8156528301111945,False,,0.0,0.0,0.0,0.0,0.0
2026-03-24,Week7_Strategy_Net,0.009133588892252537,0.009133588892252575,-3.8163916471489756e-17,1.1290188491833104,0.0,0.8173213418739067,False,,0.0,0.0,0.0,0.0,0.0
2026-03-25,Week7_Strategy_Net,-0.0015574734590814176,-0.0015574734590814154,-2.168404344971009e-18,1.1272604322909048,-0.0015574734590814154,0.8170363808931704,False,,0.0,0.0,0.0,0.0,0.0
2026-03-26,Week7_Strategy_Net,0.004901813266554516,0.004901813266554589,-7.28583859910259e-17,1.1327860524327704,0.0,0.8179288596245197,False,,0.0,0.0,0.0,0.0,0.0
2026-03-27,Week7_Strategy_Net,-0.0014880642286577307,-0.0014880642286576595,-7.112366251504909e-17,1.1311003940294229,-0.0014880642286576595,0.8176575223060984,False,,0.0,0.0,0.0,0.0,0.0
2026-03-30,Week7_Strategy_Net,-0.000366149686373868,-0.0003661496863737179,-1.5005358067199381e-16,1.1306862419748918,-0.0018536690607807715,0.8175907332102718,False,,0.0,0.0,0.0,0.0,0.0
2026-03-31,Week7_Strategy_Net,0.0023039844715224776,0.002303984471522469,8.673617379884035e-18,1.133291325518566,0.0,0.8180100352629988,False,,0.0,0.0,0.0,0.0,0.0
2026-04-01,Week7_Strategy_Net,-0.01640696614799323,-0.016451975502385308,4.500935439207682e-05,1.1146464443940687,-0.016451975502385308,0.8607344647324382,True,2026-03-31,0.04576013945105768,0.04576013945105756,2.2880069725528778e-05,2.2880069725528778e-05,4.5760139451057556e-05
2026-04-02,Week7_Strategy_Net,0.0029215177154396526,0.002921517715439581,7.155734338404329e-17,1.1179029037278176,-0.013578522524829939,0.8611401462551176,False,,0.0,0.0,0.0,0.0,0.0
2026-04-06,Week7_Strategy_Net,0.00617373023136966,0.0061737302313695785,8.153200337090993e-17,1.124804534680298,-0.00748862242846926,0.861992169371236,False,,0.0,0.0,0.0,0.0,0.0
2026-04-07,Week7_Strategy_Net,0.0037321544654979706,0.0037321544654980165,-4.597017211338539e-17,1.1290024789472175,-0.0037844166586080696,0.8625053207523723,False,,0.0,0.0,0.0,0.0,0.0
2026-04-08,Week7_Strategy_Net,-0.005852703295194104,-0.0058527032951939395,-1.6479873021779667e-16,1.122394762418401,-0.009614970885953755,0.8616958677015301,False,,0.0,0.0,0.0,0.0,0.0
2026-04-09,Week7_Strategy_Net,-0.004570830808531079,-0.004570830808531046,-3.2959746043559335e-17,1.117264485859005,-0.014141853289336148,0.8610608001262344,False,,0.0,0.0,0.0,0.0,0.0
2026-04-10,Week7_Strategy_Net,-0.007550895392096984,-0.007550895392097079,9.454242944073599e-17,1.1088281386009786,-0.021585965026595044,0.8600037027302698,False,,0.0,0.0,0.0,0.0,0.0
2026-04-13,Week7_Strategy_Net,0.008543893021234542,0.008543893021234483,5.898059818321144e-17,1.11830184759612,-0.013226500181307888,0.8611896832270217,False,,0.0,0.0,0.0,0.0,0.0
2026-04-14,Week7_Strategy_Net,-0.008108853853052156,-0.008108853853052156,0.0,1.1092337013503648,-0.02122810227740246,0.86005488877263,False,,0.0,0.0,0.0,0.0,0.0
2026-04-15,Week7_Strategy_Net,0.0016571386995890142,0.0016571386995889448,6.938893903907228e-17,1.1110718554437609,-0.01960614148761619,0.8602864135635722,False,,0.0,0.0,0.0,0.0,0.0
2026-04-16,Week7_Strategy_Net,0.0053238340082157306,0.005323834008215789,-5.811323644522304e-17,1.1169870175733438,-0.014386687322221925,0.8610262865455092,False,,0.0,0.0,0.0,0.0,0.0
2026-04-17,Week7_Strategy_Net,-0.009000733073265568,-0.009000733073265543,-2.42861286636753e-17,1.1069333155818633,-0.023257929663091592,0.8597640602848546,False,,0.0,0.0,0.0,0.0,0.0
2026-04-20,Week7_Strategy_Net,0.0020164718761336168,0.0020164718761335187,9.80118763926896e-17,1.1091654154814894,-0.021288356748020765,0.860046273039231,False,,0.0,0.0,0.0,0.0,0.0
2026-04-21,Week7_Strategy_Net,0.003637988566335998,0.0036379885663360145,-1.6479873021779667e-17,1.1132005465811863,-0.017727814980130208,0.8605535775297941,False,,0.0,0.0,0.0,0.0,0.0
2026-04-22,Week7_Strategy_Net,0.004538260823997366,0.004538260823997442,-7.632783294297951e-17,1.1182525410109883,-0.013270007604352152,0.8611835627287889,False,,0.0,0.0,0.0,0.0,0.0
2026-04-23,Week7_Strategy_Net,0.00015088089315032143,0.00015088089315029585,2.5587171270657905e-17,1.1184212639531437,-0.013121128901801171,0.8612045043171428,False,,0.0,0.0,0.0,0.0,0.0
2026-04-24,Week7_Strategy_Net,-0.003909235319533456,-0.003909235319533577,1.214306433183765e-16,1.1140490920459807,-0.01697907064079973,0.8606597906493179,False,,0.0,0.0,0.0,0.0,0.0
2026-04-27,Week7_Strategy_Net,0.0023566018960555005,0.0023566018960554658,3.469446951953614e-17,1.1166744622485951,-0.014662481654809545,0.860987388034252,False,,0.0,0.0,0.0,0.0,0.0
2026-04-28,Week7_Strategy_Net,0.007683417057856301,0.0076834170578563565,-5.551115123125783e-17,1.1252543378599085,-0.007091722558610347,0.8620473358868755,False,,0.0,0.0,0.0,0.0,0.0
2026-04-29,Week7_Strategy_Net,0.010817612806153652,0.010817612806153676,-2.42861286636753e-17,1.1374269035953217,0.0,0.863523683832387,False,,0.0,0.0,0.0,0.0,0.0
2026-04-30,Week7_Strategy_Net,0.006424111831472458,0.006424111831472512,-5.377642775528102e-17,1.1447338612241436,0.0,0.8643948266310355,False,,0.0,0.0,0.0,0.0,0.0
2026-05-01,Week7_Strategy_Net,-0.007758327618900725,-0.00907461826344158,0.001316290644540856,1.134345838420299,-0.00907461826344158,0.4632481766522369,True,2026-04-30,0.8633345311495026,1.3265827078017396,0.0006632913539008698,0.0006632913539008698,0.0013265827078017395
2026-05-04,Week7_Strategy_Net,0.0005151584698490056,0.0005151584698490641,-5.854691731421724e-17,1.134930206286699,-0.008564134660051681,0.46352454652596015,False,,0.0,0.0,0.0,0.0,0.0
2026-05-05,Week7_Strategy_Net,0.010240139342331433,0.010240139342331478,-4.5102810375396984e-17,1.1465520497428958,0.0,0.46896244508430784,False,,0.0,0.0,0.0,0.0,0.0
2026-05-06,Week7_Strategy_Net,0.012458099081421651,0.012458099081421592,5.898059818321144e-17,1.1608359087805997,0.0,0.47549675843623607,False,,0.0,0.0,0.0,0.0,0.0
2026-05-07,Week7_Strategy_Net,-0.0009507957103508209,-0.000950795710350727,-9.389190813724468e-17,1.15973219097811,-0.000950795710350727,0.47499758839535855,False,,0.0,0.0,0.0,0.0,0.0
2026-05-08,Week7_Strategy_Net,0.0163193878478654,0.016319387847865352,4.85722573273506e-17,1.1786583104023365,0.0,0.48342773159491287,False,,0.0,0.0,0.0,0.0,0.0
2026-05-11,Week7_Strategy_Net,0.00650002140942889,0.006500021409428847,4.336808689942018e-17,1.1863196146543529,0.0,0.48676377802583937,False,,0.0,0.0,0.0,0.0,0.0
2026-05-12,Week7_Strategy_Net,-0.007333734348799148,-0.007333734348799137,-1.1275702593849246e-17,1.177619461747708,-0.007333734348799137,0.48297203225953117,False,,0.0,0.0,0.0,0.0,0.0
2026-05-13,Week7_Strategy_Net,0.004548554020154832,0.00454855402015486,-2.862293735361732e-17,1.1829759274846532,-0.0028185382154992666,0.4853131133668474,False,,0.0,0.0,0.0,0.0,0.0
2026-05-14,Week7_Strategy_Net,0.007272125997394654,0.007272125997394685,-3.122502256758253e-17,1.1915786774812065,0.0,0.4890289591568785,False,,0.0,0.0,0.0,0.0,0.0
2026-05-15,Week7_Strategy_Net,-0.008827050913616954,-0.008827050913616796,-1.5785983631388945e-16,1.1810605518274997,-0.008827050913616796,0.4844784239580885,False,,0.0,0.0,0.0,0.0,0.0
2026-05-18,Week7_Strategy_Net,-0.005222445533182584,-0.005222445533182629,4.5102810375396984e-17,1.17489252742419,-0.014003397654184457,0.4817720064882026,False,,0.0,0.0,0.0,0.0,0.0
2026-05-19,Week7_Strategy_Net,-0.003094662545812502,-0.0030946625458125876,8.543513119185775e-17,1.1712566315242152,-0.017054724409762523,0.48016328728342034,False,,0.0,0.0,0.0,0.0,0.0
2026-05-20,Week7_Strategy_Net,0.010809494495112593,0.010809494495112482,1.1102230246251565e-16,1.1839173236350402,-0.006429582864272976,0.4857223685099714,False,,0.0,0.0,0.0,0.0,0.0
2026-05-21,Week7_Strategy_Net,0.004003373548130597,0.004003373548130629,-3.209238430557093e-17,1.1886569869316543,-0.0024519493381067736,0.48777300451433714,False,,0.0,0.0,0.0,0.0,0.0
2026-05-22,Week7_Strategy_Net,0.004888623879647102,0.004888623879647058,4.336808689942018e-17,1.1944678838626777,0.0,0.4902649076590492,False,,0.0,0.0,0.0,0.0,0.0
2026-05-26,Week7_Strategy_Net,0.012909606705002765,0.01290960670500274,2.42861286636753e-17,1.2098879944651018,0.0,0.4967615185336032,False,,0.0,0.0,0.0,0.0,0.0
2026-05-27,Week7_Strategy_Net,-0.0019050835398939597,-0.001905083539893937,-2.2768245622195593e-17,1.207583056761731,-0.001905083539893937,0.49580097727457834,False,,0.0,0.0,0.0,0.0,0.0
2026-05-28,Week7_Strategy_Net,0.006505688881903162,0.00650568888190306,1.0234868508263162e-16,1.2154392164280803,0.0,0.49905993746988053,False,,0.0,0.0,0.0,0.0,0.0
2026-05-29,Week7_Strategy_Net,0.011137717896855158,0.011137717896855248,-9.020562075079397e-17,1.228976435541431,0.0,0.5045778100612603,False,,0.0,0.0,0.0,0.0,0.0
2026-06-01,Week7_Strategy_Net,0.01252064433067409,0.012020608601838179,0.0005000357288359111,1.2437494802539568,0.0,0.7307615434939088,True,2026-05-29,0.3569549062341778,0.4938523788484355,0.00024692618942421775,0.00024692618942421775,0.0004938523788484355
2026-06-02,Week7_Strategy_Net,0.004886536295252165,0.004886536295252153,1.214306433183765e-17,1.2498271072314189,0.0,0.7320707893065208,False,,0.0,0.0,0.0,0.0,0.0
2026-06-03,Week7_Strategy_Net,-0.00783752834692118,-0.007837528346921308,1.2836953722228372e-16,1.240031551849742,-0.007837528346921308,0.7299542984657823,False,,0.0,0.0,0.0,0.0,0.0
2026-06-04,Week7_Strategy_Net,0.00332842647023644,0.0033284264702364563,-1.6479873021779667e-17,1.244158905690847,-0.004535188513495991,0.7308501439710493,False,,0.0,0.0,0.0,0.0,0.0
2026-06-05,Week7_Strategy_Net,-0.02380416587207192,-0.023804165872071903,-1.734723475976807e-17,1.2145427407285667,-0.02823139800593144,0.7242870266196206,False,,0.0,0.0,0.0,0.0,0.0
2026-06-08,Week7_Strategy_Net,0.005241628196126865,0.005241628196126946,-8.153200337090993e-17,1.2209089222037708,-0.02313774830160853,0.7257246758919671,False,,0.0,0.0,0.0,0.0,0.0
2026-06-09,Week7_Strategy_Net,-0.003168731795452633,-0.0031687317954526284,-4.7704895589362195e-18,1.217040189282632,-0.026233162778342645,0.7248528082369983,False,,0.0,0.0,0.0,0.0,0.0
2026-06-10,Week7_Strategy_Net,-0.009710267112116106,-0.009710267112115978,-1.2836953722228372e-16,1.2052224039585173,-0.03568869887268533,0.722154857689358,False,,0.0,0.0,0.0,0.0,0.0
2026-06-11,Week7_Strategy_Net,0.015759630230888808,0.015759630230888888,-7.979727989493313e-17,1.2242162633908866,-0.02049150933945143,0.7264656577782227,False,,0.0,0.0,0.0,0.0,0.0
2026-06-12,Week7_Strategy_Net,0.008161536816559024,0.008161536816559067,-4.336808689942018e-17,1.2342077494959818,-0.012497214730793127,0.7286800455753267,False,,0.0,0.0,0.0,0.0,0.0
2026-06-15,Week7_Strategy_Net,0.014989424125567018,0.01498942412556703,-1.214306433183765e-17,1.2527078129122386,0.0,0.7326869147839441,False,,0.0,0.0,0.0,0.0,0.0
2026-06-16,Week7_Strategy_Net,-0.0046989832508801095,-0.00469898325088014,3.0357660829594124e-17,1.2468213598811173,-0.00469898325088014,0.7314248848160917,False,,0.0,0.0,0.0,0.0,0.0
2026-06-17,Week7_Strategy_Net,-0.0032961336525044703,-0.0032961336525044738,3.469446951953614e-18,1.2427116700381518,-0.00797962842655886,0.730536697757455,False,,0.0,0.0,0.0,0.0,0.0
2026-06-18,Week7_Strategy_Net,0.007444391203776858,0.007444391203776934,-7.632783294297951e-17,1.2519629018634146,-0.0005946406984500552,0.7325278649667519,False,,0.0,0.0,0.0,0.0,0.0
2026-06-22,Week7_Strategy_Net,0.003974874844131073,0.00397487484413106,1.3010426069826053e-17,1.2569392977078169,0.0,0.7335868239981866,False,,0.0,0.0,0.0,0.0,0.0
2026-06-23,Week7_Strategy_Net,-0.01381762618160388,-0.01381762618160387,-1.0408340855860843e-17,1.2395713803591226,-0.01381762618160387,0.7298540482220452,False,,0.0,0.0,0.0,0.0,0.0
2026-06-24,Week7_Strategy_Net,-0.0033049281030898617,-0.0033049281030899103,4.85722573273506e-17,1.2354746860683878,-0.017076888023608183,0.7289582748073461,False,,0.0,0.0,0.0,0.0,0.0
2026-06-25,Week7_Strategy_Net,0.0010322707427969874,0.0010322707427969924,-4.9873299934333204e-18,1.2367500304402825,-0.01606224525269595,0.7292377747307461,False,,0.0,0.0,0.0,0.0,0.0
2026-06-26,Week7_Strategy_Net,-0.0058117374520284875,-0.005811737452028454,-3.382710778154774e-17,1.2295623639695754,-0.02178063315242562,0.7276549769604739,False,,0.0,0.0,0.0,0.0,0.0
2026-06-29,Week7_Strategy_Net,0.009372365646621066,0.00937236564662114,-7.28583859910259e-17,1.2410862720300222,-0.01261240356372384,0.7301837931088421,False,,0.0,0.0,0.0,0.0,0.0
2026-06-30,Week7_Strategy_Net,0.009022432423194077,0.009022432423194005,7.28583859910259e-17,1.2522838890507668,-0.0037037656993776924,0.7325964238047838,False,,0.0,0.0,0.0,0.0,0.0
2026-07-01,Week7_Strategy_Net,-0.0012105592600800737,-0.0012105592600800685,-5.204170427930421e-18,1.2507679251926274,-0.004909841331593112,0.7322723235869223,False,,0.0,0.0,0.0,0.0,0.0
2026-07-02,Week7_Strategy_Net,-0.003744654352892414,-0.003744654352892396,-1.8214596497756474e-17,1.2460842316370966,-0.008636110025771249,0.731266007672784,False,,0.0,0.0,0.0,0.0,0.0
2026-07-06,Week7_Strategy_Net,0.00930145608770821,0.00930145608770827,-6.071532165918825e-17,1.2576746293992547,0.0,0.7337425892865619,False,,0.0,0.0,0.0,0.0,0.0
2026-07-07,Week7_Strategy_Net,-0.008919770206591862,-0.008919770206591848,-1.3877787807814457e-17,1.2464564607103528,-0.008919770206591848,0.7313462596575661,False,,0.0,0.0,0.0,0.0,0.0
2026-07-08,Week7_Strategy_Net,-0.003270789562001785,-0.0032707895620017746,-1.0408340855860843e-17,1.2423795639291717,-0.012161385077306464,0.7304646663015144,False,,0.0,0.0,0.0,0.0,0.0
2026-07-09,Week7_Strategy_Net,0.011534301549533362,0.011534301549533277,8.500145032286355e-17,1.2567095444585084,-0.0007673566105148577,0.7335381179999592,False,,0.0,0.0,0.0,0.0,0.0
2026-07-10,Week7_Strategy_Net,0.001985390251980009,0.001985390251979968,4.0766001685454967e-17,1.2592046033376465,0.0,0.7340661005715554,False,,0.0,0.0,0.0,0.0,0.0
2026-07-13,Week7_Strategy_Net,-0.006020874589712695,-0.006020874589712788,9.280770596475918e-17,1.2516230903381615,-0.006020874589712788,0.7324552471676159,False,,0.0,0.0,0.0,0.0,0.0
2026-07-14,Week7_Strategy_Net,0.005206768412521157,0.005206768412521212,-5.551115123125783e-17,1.2581400019093165,-0.000845455476820911,0.7338410750507522,False,,0.0,0.0,0.0,0.0,0.0
2026-07-15,Week7_Strategy_Net,-0.001239033415351106,-0.0012390334153511429,3.686287386450715e-17,1.256581124405761,-0.0020834413445850464,0.7335108861338449,False,,0.0,0.0,0.0,0.0,0.0
2026-07-16,Week7_Strategy_Net,-0.006372799207246328,-0.006372799207246316,-1.214306433183765e-17,1.2485731852123072,-0.008442963198482367,0.7318017122985965,False,,0.0,0.0,0.0,0.0,0.0
2026-07-17,Week7_Strategy_Net,-0.007075150707016047,-0.007075150707016142,9.540979117872439e-17,1.239739341758191,-0.015458378668455341,0.7298906479252935,False,,0.0,0.0,0.0,0.0,0.0
