Signal_Date,Strategy,Asset,Target_Weight,Selected,Outperformance_Probability,Sector_Rank,Rank_Score_0_1,Macro_Regime,model
2024-05-31,Probability_Score_Weighted,CASH,0.0,False,,,,Growth=Expansion|Inflation=High|Rate=Stable,Gradient_Boosting
2024-05-31,Probability_Score_Weighted,XLE,0.3137520942878262,True,0.5544336789543988,2.0,0.5,Growth=Expansion|Inflation=High|Rate=Stable,Gradient_Boosting
2024-05-31,Probability_Score_Weighted,XLF,0.2932682493749541,True,0.5182365229801775,3.0,0.0,Growth=Expansion|Inflation=High|Rate=Stable,Gradient_Boosting
2024-05-31,Probability_Score_Weighted,XLK,0.3929796563372197,True,0.6944372980580101,1.0,1.0,Growth=Expansion|Inflation=High|Rate=Stable,Gradient_Boosting
2024-06-28,Probability_Score_Weighted,CASH,0.0,False,,,,Growth=Expansion|Inflation=High|Rate=Stable,Gradient_Boosting
2024-06-28,Probability_Score_Weighted,XLE,0.26823902721482673,True,0.4004991160508554,2.0,0.5,Growth=Expansion|Inflation=High|Rate=Stable,Gradient_Boosting
2024-06-28,Probability_Score_Weighted,XLF,0.23925702410424057,True,0.3572270137483188,3.0,0.0,Growth=Expansion|Inflation=High|Rate=Stable,Gradient_Boosting
2024-06-28,Probability_Score_Weighted,XLK,0.4925039486809326,True,0.7353419006410961,1.0,1.0,Growth=Expansion|Inflation=High|Rate=Stable,Gradient_Boosting
2024-07-31,Probability_Score_Weighted,CASH,0.0,False,,,,Growth=Expansion|Inflation=Moderate|Rate=Stable,Gradient_Boosting
2024-07-31,Probability_Score_Weighted,XLE,0.3571743864599324,True,0.3683991597298055,1.0,1.0,Growth=Expansion|Inflation=Moderate|Rate=Stable,Gradient_Boosting
2024-07-31,Probability_Score_Weighted,XLF,0.3321844425770807,True,0.342623867107667,2.0,0.5,Growth=Expansion|Inflation=Moderate|Rate=Stable,Gradient_Boosting
2024-07-31,Probability_Score_Weighted,XLK,0.31064117096298677,True,0.3204035639131279,3.0,0.0,Growth=Expansion|Inflation=Moderate|Rate=Stable,Gradient_Boosting
2024-08-30,Probability_Score_Weighted,CASH,0.0,False,,,,Growth=Expansion|Inflation=Moderate|Rate=Stable,Gradient_Boosting
2024-08-30,Probability_Score_Weighted,XLE,0.3113397515548818,True,0.3989387881589101,2.0,0.5,Growth=Expansion|Inflation=Moderate|Rate=Stable,Gradient_Boosting
2024-08-30,Probability_Score_Weighted,XLF,0.30085656112255804,True,0.3855060309660879,3.0,0.0,Growth=Expansion|Inflation=Moderate|Rate=Stable,Gradient_Boosting
2024-08-30,Probability_Score_Weighted,XLK,0.38780368732256015,True,0.4969167357890287,1.0,1.0,Growth=Expansion|Inflation=Moderate|Rate=Stable,Gradient_Boosting
2024-09-30,Probability_Score_Weighted,CASH,0.0,False,,,,Growth=Expansion|Inflation=Moderate|Rate=Stable,Gradient_Boosting
2024-09-30,Probability_Score_Weighted,XLE,0.340553698030814,True,0.4620960389098182,2.0,0.5,Growth=Expansion|Inflation=Moderate|Rate=Stable,Gradient_Boosting
2024-09-30,Probability_Score_Weighted,XLF,0.34929083801054284,True,0.4739514314642928,1.0,1.0,Growth=Expansion|Inflation=Moderate|Rate=Stable,Gradient_Boosting
2024-09-30,Probability_Score_Weighted,XLK,0.31015546395864313,True,0.4208487888114427,3.0,0.0,Growth=Expansion|Inflation=Moderate|Rate=Stable,Gradient_Boosting
2024-10-31,Probability_Score_Weighted,CASH,0.0,False,,,,Growth=Expansion|Inflation=Moderate|Rate=Stable,Gradient_Boosting
2024-10-31,Probability_Score_Weighted,XLE,0.28989584804246565,True,0.4161895108846281,3.0,0.0,Growth=Expansion|Inflation=Moderate|Rate=Stable,Gradient_Boosting
2024-10-31,Probability_Score_Weighted,XLF,0.41925218488400184,True,0.6019001753299492,1.0,1.0,Growth=Expansion|Inflation=Moderate|Rate=Stable,Gradient_Boosting
2024-10-31,Probability_Score_Weighted,XLK,0.2908519670735324,True,0.4175621649415046,2.0,0.5,Growth=Expansion|Inflation=Moderate|Rate=Stable,Gradient_Boosting
2024-11-29,Probability_Score_Weighted,CASH,0.0,False,,,,Growth=Expansion|Inflation=Moderate|Rate=Falling,Gradient_Boosting
2024-11-29,Probability_Score_Weighted,XLE,0.3410025199103591,True,0.6063257128312,2.0,0.5,Growth=Expansion|Inflation=Moderate|Rate=Falling,Gradient_Boosting
2024-11-29,Probability_Score_Weighted,XLF,0.30662277702522245,True,0.5451961876967124,3.0,0.0,Growth=Expansion|Inflation=Moderate|Rate=Falling,Gradient_Boosting
2024-11-29,Probability_Score_Weighted,XLK,0.3523747030644184,True,0.6265462292635845,1.0,1.0,Growth=Expansion|Inflation=Moderate|Rate=Falling,Gradient_Boosting
2024-12-31,Probability_Score_Weighted,CASH,0.0,False,,,,Growth=Expansion|Inflation=Moderate|Rate=Falling,Gradient_Boosting
2024-12-31,Probability_Score_Weighted,XLE,0.36421541956096753,True,0.7042291651020606,1.0,1.0,Growth=Expansion|Inflation=Moderate|Rate=Falling,Gradient_Boosting
2024-12-31,Probability_Score_Weighted,XLF,0.2991756536317501,True,0.5784714470077031,3.0,0.0,Growth=Expansion|Inflation=Moderate|Rate=Falling,Gradient_Boosting
2024-12-31,Probability_Score_Weighted,XLK,0.3366089268072824,True,0.6508505976411916,2.0,0.5,Growth=Expansion|Inflation=Moderate|Rate=Falling,Gradient_Boosting
2025-01-31,Probability_Score_Weighted,CASH,0.0,False,,,,Growth=Expansion|Inflation=Moderate|Rate=Falling,Gradient_Boosting
2025-01-31,Probability_Score_Weighted,XLE,0.3475650230011809,True,0.4831073461335636,2.0,0.5,Growth=Expansion|Inflation=Moderate|Rate=Falling,Gradient_Boosting
2025-01-31,Probability_Score_Weighted,XLF,0.282972898599656,True,0.3933257866104016,3.0,0.0,Growth=Expansion|Inflation=Moderate|Rate=Falling,Gradient_Boosting
2025-01-31,Probability_Score_Weighted,XLK,0.369462078399163,True,0.5135437468683487,1.0,1.0,Growth=Expansion|Inflation=Moderate|Rate=Falling,Gradient_Boosting
2025-02-28,Probability_Score_Weighted,CASH,0.0,False,,,,Growth=Expansion|Inflation=Moderate|Rate=Falling,Gradient_Boosting
2025-02-28,Probability_Score_Weighted,XLE,0.37107268546584804,True,0.5353676985374081,1.0,1.0,Growth=Expansion|Inflation=Moderate|Rate=Falling,Gradient_Boosting
2025-02-28,Probability_Score_Weighted,XLF,0.3522328543915162,True,0.5081864011847446,2.0,0.5,Growth=Expansion|Inflation=Moderate|Rate=Falling,Gradient_Boosting
2025-02-28,Probability_Score_Weighted,XLK,0.27669446014263577,True,0.3992028573556839,3.0,0.0,Growth=Expansion|Inflation=Moderate|Rate=Falling,Gradient_Boosting
2025-03-31,Probability_Score_Weighted,CASH,0.0,False,,,,Growth=Expansion|Inflation=Moderate|Rate=Falling,Gradient_Boosting
2025-03-31,Probability_Score_Weighted,XLE,0.3867280446841112,True,0.5837665303556464,1.0,1.0,Growth=Expansion|Inflation=Moderate|Rate=Falling,Gradient_Boosting
2025-03-31,Probability_Score_Weighted,XLF,0.3801224895825756,True,0.5737954355884018,2.0,0.5,Growth=Expansion|Inflation=Moderate|Rate=Falling,Gradient_Boosting
2025-03-31,Probability_Score_Weighted,XLK,0.23314946573331316,True,0.3519394482409018,3.0,0.0,Growth=Expansion|Inflation=Moderate|Rate=Falling,Gradient_Boosting
2025-04-30,Probability_Score_Weighted,CASH,0.0,False,,,,Growth=Contraction|Inflation=Moderate|Rate=Stable,Gradient_Boosting
2025-04-30,Probability_Score_Weighted,XLE,0.3130958886695933,True,0.3979906807956273,3.0,0.0,Growth=Contraction|Inflation=Moderate|Rate=Stable,Gradient_Boosting
2025-04-30,Probability_Score_Weighted,XLF,0.3325064674032218,True,0.4226643661565561,2.0,0.5,Growth=Contraction|Inflation=Moderate|Rate=Stable,Gradient_Boosting
2025-04-30,Probability_Score_Weighted,XLK,0.3543976439271849,True,0.450491254223373,1.0,1.0,Growth=Contraction|Inflation=Moderate|Rate=Stable,Gradient_Boosting
2025-05-30,Probability_Score_Weighted,CASH,0.0,False,,,,Growth=Contraction|Inflation=Moderate|Rate=Stable,Gradient_Boosting
2025-05-30,Probability_Score_Weighted,XLE,0.3441922542599331,True,0.6962848067101333,2.0,0.5,Growth=Contraction|Inflation=Moderate|Rate=Stable,Gradient_Boosting
2025-05-30,Probability_Score_Weighted,XLF,0.2689668408557882,True,0.5441073193218234,3.0,0.0,Growth=Contraction|Inflation=Moderate|Rate=Stable,Gradient_Boosting
2025-05-30,Probability_Score_Weighted,XLK,0.3868409048842787,True,0.7825610290506698,1.0,1.0,Growth=Contraction|Inflation=Moderate|Rate=Stable,Gradient_Boosting
2025-06-30,Probability_Score_Weighted,CASH,0.0,False,,,,Growth=Contraction|Inflation=Moderate|Rate=Stable,Gradient_Boosting
2025-06-30,Probability_Score_Weighted,XLE,0.25184756744293296,True,0.3583829476567743,2.0,0.5,Growth=Contraction|Inflation=Moderate|Rate=Stable,Gradient_Boosting
2025-06-30,Probability_Score_Weighted,XLF,0.2423991375496528,True,0.3449376871356482,3.0,0.0,Growth=Contraction|Inflation=Moderate|Rate=Stable,Gradient_Boosting
2025-06-30,Probability_Score_Weighted,XLK,0.5057532950074142,True,0.7196946887047226,1.0,1.0,Growth=Contraction|Inflation=Moderate|Rate=Stable,Gradient_Boosting
2025-07-31,Probability_Score_Weighted,CASH,0.0,False,,,,Growth=Expansion|Inflation=Moderate|Rate=Stable,Gradient_Boosting
2025-07-31,Probability_Score_Weighted,XLE,0.2616443259018519,True,0.5068872627928663,3.0,0.0,Growth=Expansion|Inflation=Moderate|Rate=Stable,Gradient_Boosting
2025-07-31,Probability_Score_Weighted,XLF,0.30481567639176504,True,0.5905237322843252,2.0,0.5,Growth=Expansion|Inflation=Moderate|Rate=Stable,Gradient_Boosting
2025-07-31,Probability_Score_Weighted,XLK,0.43353999770638313,True,0.8399031853304896,1.0,1.0,Growth=Expansion|Inflation=Moderate|Rate=Stable,Gradient_Boosting
2025-08-29,Probability_Score_Weighted,CASH,0.0,False,,,,Growth=Expansion|Inflation=Moderate|Rate=Stable,Gradient_Boosting
2025-08-29,Probability_Score_Weighted,XLE,0.3226807196263175,True,0.4301581563592779,2.0,0.5,Growth=Expansion|Inflation=Moderate|Rate=Stable,Gradient_Boosting
2025-08-29,Probability_Score_Weighted,XLF,0.25900624020683694,True,0.3452751899832892,3.0,0.0,Growth=Expansion|Inflation=Moderate|Rate=Stable,Gradient_Boosting
2025-08-29,Probability_Score_Weighted,XLK,0.4183130401668456,True,0.5576433768574597,1.0,1.0,Growth=Expansion|Inflation=Moderate|Rate=Stable,Gradient_Boosting
2025-09-30,Probability_Score_Weighted,CASH,0.0,False,,,,Growth=Expansion|Inflation=Moderate|Rate=Stable,Gradient_Boosting
2025-09-30,Probability_Score_Weighted,XLE,0.2672844419138849,True,0.4485568313703393,3.0,0.0,Growth=Expansion|Inflation=Moderate|Rate=Stable,Gradient_Boosting
2025-09-30,Probability_Score_Weighted,XLF,0.37686611581517304,True,0.6324568296996703,1.0,1.0,Growth=Expansion|Inflation=Moderate|Rate=Stable,Gradient_Boosting
2025-09-30,Probability_Score_Weighted,XLK,0.35584944227094206,True,0.5971866417925777,2.0,0.5,Growth=Expansion|Inflation=Moderate|Rate=Stable,Gradient_Boosting
2025-10-31,Probability_Score_Weighted,CASH,0.0,False,,,,Growth=Expansion|Inflation=High|Rate=Stable,Gradient_Boosting
2025-10-31,Probability_Score_Weighted,XLE,0.33366860304786977,True,0.5162525670071153,2.0,0.5,Growth=Expansion|Inflation=High|Rate=Stable,Gradient_Boosting
2025-10-31,Probability_Score_Weighted,XLF,0.3953938180456672,True,0.6117539129551708,1.0,1.0,Growth=Expansion|Inflation=High|Rate=Stable,Gradient_Boosting
2025-10-31,Probability_Score_Weighted,XLK,0.27093757890646303,True,0.4191950316316924,3.0,0.0,Growth=Expansion|Inflation=High|Rate=Stable,Gradient_Boosting
2025-11-28,Probability_Score_Weighted,CASH,0.0,False,,,,Growth=Expansion|Inflation=High|Rate=Stable,Gradient_Boosting
2025-11-28,Probability_Score_Weighted,XLE,0.4203558908855164,True,0.6533933371799819,1.0,1.0,Growth=Expansion|Inflation=High|Rate=Stable,Gradient_Boosting
2025-11-28,Probability_Score_Weighted,XLF,0.2742671540115858,True,0.42631573608015,3.0,0.0,Growth=Expansion|Inflation=High|Rate=Stable,Gradient_Boosting
2025-11-28,Probability_Score_Weighted,XLK,0.30537695510289775,True,0.4746722292203729,2.0,0.5,Growth=Expansion|Inflation=High|Rate=Stable,Gradient_Boosting
2025-12-31,Probability_Score_Weighted,CASH,0.0,False,,,,Growth=Expansion|Inflation=Moderate|Rate=Falling,Gradient_Boosting
2025-12-31,Probability_Score_Weighted,XLE,0.26525670430714265,True,0.3489989297902776,3.0,0.0,Growth=Expansion|Inflation=Moderate|Rate=Falling,Gradient_Boosting
2025-12-31,Probability_Score_Weighted,XLF,0.42420282577732366,True,0.558124751632568,1.0,1.0,Growth=Expansion|Inflation=Moderate|Rate=Falling,Gradient_Boosting
2025-12-31,Probability_Score_Weighted,XLK,0.31054046991553363,True,0.4085788969601278,2.0,0.5,Growth=Expansion|Inflation=Moderate|Rate=Falling,Gradient_Boosting
2026-01-30,Probability_Score_Weighted,CASH,0.0,False,,,,Growth=Expansion|Inflation=Moderate|Rate=Falling,Gradient_Boosting
2026-01-30,Probability_Score_Weighted,XLE,0.3747741158817814,True,0.5848279260339868,2.0,0.5,Growth=Expansion|Inflation=Moderate|Rate=Falling,Gradient_Boosting
2026-01-30,Probability_Score_Weighted,XLF,0.38360248063493496,True,0.5986044224089045,1.0,1.0,Growth=Expansion|Inflation=Moderate|Rate=Falling,Gradient_Boosting
2026-01-30,Probability_Score_Weighted,XLK,0.2416234034832836,True,0.3770487553760946,3.0,0.0,Growth=Expansion|Inflation=Moderate|Rate=Falling,Gradient_Boosting
2026-02-27,Probability_Score_Weighted,CASH,0.0,False,,,,Growth=Expansion|Inflation=Moderate|Rate=Falling,Gradient_Boosting
2026-02-27,Probability_Score_Weighted,XLE,0.4181455737726163,True,0.8019800283413806,1.0,1.0,Growth=Expansion|Inflation=Moderate|Rate=Falling,Gradient_Boosting
2026-02-27,Probability_Score_Weighted,XLF,0.3398758186121291,True,0.6518629772494693,2.0,0.5,Growth=Expansion|Inflation=Moderate|Rate=Falling,Gradient_Boosting
2026-02-27,Probability_Score_Weighted,XLK,0.2419786076152545,True,0.4641015540172111,3.0,0.0,Growth=Expansion|Inflation=Moderate|Rate=Falling,Gradient_Boosting
2026-03-31,Probability_Score_Weighted,CASH,0.0,False,,,,Growth=Expansion|Inflation=Moderate|Rate=Stable,Gradient_Boosting
2026-03-31,Probability_Score_Weighted,XLE,0.42805286078981214,True,0.6945675359380139,1.0,1.0,Growth=Expansion|Inflation=Moderate|Rate=Stable,Gradient_Boosting
2026-03-31,Probability_Score_Weighted,XLF,0.3807769794149317,True,0.6178567007966218,2.0,0.5,Growth=Expansion|Inflation=Moderate|Rate=Stable,Gradient_Boosting
2026-03-31,Probability_Score_Weighted,XLK,0.19117015979525606,True,0.3101967046520148,3.0,0.0,Growth=Expansion|Inflation=Moderate|Rate=Stable,Gradient_Boosting
2026-04-30,Probability_Score_Weighted,CASH,0.0,False,,,,Growth=Expansion|Inflation=High|Rate=Stable,Gradient_Boosting
2026-04-30,Probability_Score_Weighted,XLE,0.30061563537376046,True,0.4320873692586027,2.0,0.5,Growth=Expansion|Inflation=High|Rate=Stable,Gradient_Boosting
2026-04-30,Probability_Score_Weighted,XLF,0.2755588311408974,True,0.3960721812609972,3.0,0.0,Growth=Expansion|Inflation=High|Rate=Stable,Gradient_Boosting
2026-04-30,Probability_Score_Weighted,XLK,0.423825533485342,True,0.609182085824036,1.0,1.0,Growth=Expansion|Inflation=High|Rate=Stable,Gradient_Boosting
2026-05-29,Probability_Score_Weighted,CASH,0.0,False,,,,Growth=Expansion|Inflation=High|Rate=Stable,Gradient_Boosting
2026-05-29,Probability_Score_Weighted,XLE,0.17046325135656032,True,0.2545833191562979,3.0,0.0,Growth=Expansion|Inflation=High|Rate=Stable,Gradient_Boosting
2026-05-29,Probability_Score_Weighted,XLF,0.3974538691730569,True,0.5935890839835004,2.0,0.5,Growth=Expansion|Inflation=High|Rate=Stable,Gradient_Boosting
2026-05-29,Probability_Score_Weighted,XLK,0.4320828794703828,True,0.6453067903538333,1.0,1.0,Growth=Expansion|Inflation=High|Rate=Stable,Gradient_Boosting
