Date,Sector,Macro_Regime,model,Outperformance_Probability,Predicted_Class,Sector_Rank,Rank_Score_0_1,Pass_Threshold,Top_N_Selected,Signal_Score,Default_Selected,Default_Target_Weight,Actionable_Signal
2024-05-31,XLK,Growth=Expansion|Inflation=High|Rate=Stable,Gradient_Boosting,0.6944372980580101,1,1,1.0,True,True,0.6944372980580101,True,0.5560520749063017,TARGET_LONG
2024-05-31,XLE,Growth=Expansion|Inflation=High|Rate=Stable,Gradient_Boosting,0.5544336789543988,1,2,0.5,True,True,0.5544336789543988,True,0.44394792509369835,TARGET_LONG
2024-05-31,XLF,Growth=Expansion|Inflation=High|Rate=Stable,Gradient_Boosting,0.5182365229801775,1,3,0.0,True,False,0.5182365229801775,False,0.0,NO_POSITION
2024-06-28,XLK,Growth=Expansion|Inflation=High|Rate=Stable,Gradient_Boosting,0.7353419006410961,1,1,1.0,True,True,0.7353419006410961,True,0.6,TARGET_LONG
2024-06-28,XLE,Growth=Expansion|Inflation=High|Rate=Stable,Gradient_Boosting,0.4004991160508554,0,2,0.5,False,True,0.4004991160508554,False,0.0,NO_POSITION
2024-06-28,XLF,Growth=Expansion|Inflation=High|Rate=Stable,Gradient_Boosting,0.3572270137483188,0,3,0.0,False,False,0.3572270137483188,False,0.0,NO_POSITION
2024-07-31,XLE,Growth=Expansion|Inflation=Moderate|Rate=Stable,Gradient_Boosting,0.3683991597298055,0,1,1.0,False,True,0.3683991597298055,False,0.0,NO_POSITION
2024-07-31,XLF,Growth=Expansion|Inflation=Moderate|Rate=Stable,Gradient_Boosting,0.342623867107667,0,2,0.5,False,True,0.342623867107667,False,0.0,NO_POSITION
2024-07-31,XLK,Growth=Expansion|Inflation=Moderate|Rate=Stable,Gradient_Boosting,0.3204035639131279,0,3,0.0,False,False,0.3204035639131279,False,0.0,NO_POSITION
2024-08-30,XLK,Growth=Expansion|Inflation=Moderate|Rate=Stable,Gradient_Boosting,0.4969167357890287,0,1,1.0,False,True,0.4969167357890287,False,0.0,NO_POSITION
2024-08-30,XLE,Growth=Expansion|Inflation=Moderate|Rate=Stable,Gradient_Boosting,0.3989387881589101,0,2,0.5,False,True,0.3989387881589101,False,0.0,NO_POSITION
2024-08-30,XLF,Growth=Expansion|Inflation=Moderate|Rate=Stable,Gradient_Boosting,0.3855060309660879,0,3,0.0,False,False,0.3855060309660879,False,0.0,NO_POSITION
2024-09-30,XLF,Growth=Expansion|Inflation=Moderate|Rate=Stable,Gradient_Boosting,0.4739514314642928,0,1,1.0,False,True,0.4739514314642928,False,0.0,NO_POSITION
2024-09-30,XLE,Growth=Expansion|Inflation=Moderate|Rate=Stable,Gradient_Boosting,0.4620960389098182,0,2,0.5,False,True,0.4620960389098182,False,0.0,NO_POSITION
2024-09-30,XLK,Growth=Expansion|Inflation=Moderate|Rate=Stable,Gradient_Boosting,0.4208487888114427,0,3,0.0,False,False,0.4208487888114427,False,0.0,NO_POSITION
2024-10-31,XLF,Growth=Expansion|Inflation=Moderate|Rate=Stable,Gradient_Boosting,0.6019001753299492,1,1,1.0,True,True,0.6019001753299492,True,0.6,TARGET_LONG
2024-10-31,XLK,Growth=Expansion|Inflation=Moderate|Rate=Stable,Gradient_Boosting,0.4175621649415046,0,2,0.5,False,True,0.4175621649415046,False,0.0,NO_POSITION
2024-10-31,XLE,Growth=Expansion|Inflation=Moderate|Rate=Stable,Gradient_Boosting,0.4161895108846281,0,3,0.0,False,False,0.4161895108846281,False,0.0,NO_POSITION
2024-11-29,XLK,Growth=Expansion|Inflation=Moderate|Rate=Falling,Gradient_Boosting,0.6265462292635845,1,1,1.0,True,True,0.6265462292635845,True,0.508200574504935,TARGET_LONG
2024-11-29,XLE,Growth=Expansion|Inflation=Moderate|Rate=Falling,Gradient_Boosting,0.6063257128312,1,2,0.5,True,True,0.6063257128312,True,0.49179942549506495,TARGET_LONG
2024-11-29,XLF,Growth=Expansion|Inflation=Moderate|Rate=Falling,Gradient_Boosting,0.5451961876967124,1,3,0.0,True,False,0.5451961876967124,False,0.0,NO_POSITION
2024-12-31,XLE,Growth=Expansion|Inflation=Moderate|Rate=Falling,Gradient_Boosting,0.7042291651020606,1,1,1.0,True,True,0.7042291651020606,True,0.5196957289631454,TARGET_LONG
2024-12-31,XLK,Growth=Expansion|Inflation=Moderate|Rate=Falling,Gradient_Boosting,0.6508505976411916,1,2,0.5,True,True,0.6508505976411916,True,0.48030427103685464,TARGET_LONG
2024-12-31,XLF,Growth=Expansion|Inflation=Moderate|Rate=Falling,Gradient_Boosting,0.5784714470077031,1,3,0.0,True,False,0.5784714470077031,False,0.0,NO_POSITION
2025-01-31,XLK,Growth=Expansion|Inflation=Moderate|Rate=Falling,Gradient_Boosting,0.5135437468683487,1,1,1.0,True,True,0.5135437468683487,True,0.6,TARGET_LONG
2025-01-31,XLE,Growth=Expansion|Inflation=Moderate|Rate=Falling,Gradient_Boosting,0.4831073461335636,0,2,0.5,False,True,0.4831073461335636,False,0.0,NO_POSITION
2025-01-31,XLF,Growth=Expansion|Inflation=Moderate|Rate=Falling,Gradient_Boosting,0.3933257866104016,0,3,0.0,False,False,0.3933257866104016,False,0.0,NO_POSITION
2025-02-28,XLE,Growth=Expansion|Inflation=Moderate|Rate=Falling,Gradient_Boosting,0.5353676985374081,1,1,1.0,True,True,0.5353676985374081,True,0.5130234251199342,TARGET_LONG
2025-02-28,XLF,Growth=Expansion|Inflation=Moderate|Rate=Falling,Gradient_Boosting,0.5081864011847446,1,2,0.5,True,True,0.5081864011847446,True,0.48697657488006585,TARGET_LONG
2025-02-28,XLK,Growth=Expansion|Inflation=Moderate|Rate=Falling,Gradient_Boosting,0.3992028573556839,0,3,0.0,False,False,0.3992028573556839,False,0.0,NO_POSITION
2025-03-31,XLE,Growth=Expansion|Inflation=Moderate|Rate=Falling,Gradient_Boosting,0.5837665303556464,1,1,1.0,True,True,0.5837665303556464,True,0.5043069377971108,TARGET_LONG
2025-03-31,XLF,Growth=Expansion|Inflation=Moderate|Rate=Falling,Gradient_Boosting,0.5737954355884018,1,2,0.5,True,True,0.5737954355884018,True,0.4956930622028893,TARGET_LONG
2025-03-31,XLK,Growth=Expansion|Inflation=Moderate|Rate=Falling,Gradient_Boosting,0.3519394482409018,0,3,0.0,False,False,0.3519394482409018,False,0.0,NO_POSITION
2025-04-30,XLK,Growth=Contraction|Inflation=Moderate|Rate=Stable,Gradient_Boosting,0.450491254223373,0,1,1.0,False,True,0.450491254223373,False,0.0,NO_POSITION
2025-04-30,XLF,Growth=Contraction|Inflation=Moderate|Rate=Stable,Gradient_Boosting,0.4226643661565561,0,2,0.5,False,True,0.4226643661565561,False,0.0,NO_POSITION
2025-04-30,XLE,Growth=Contraction|Inflation=Moderate|Rate=Stable,Gradient_Boosting,0.3979906807956273,0,3,0.0,False,False,0.3979906807956273,False,0.0,NO_POSITION
2025-05-30,XLK,Growth=Contraction|Inflation=Moderate|Rate=Stable,Gradient_Boosting,0.7825610290506698,1,1,1.0,True,True,0.7825610290506698,True,0.5291701204595648,TARGET_LONG
2025-05-30,XLE,Growth=Contraction|Inflation=Moderate|Rate=Stable,Gradient_Boosting,0.6962848067101333,1,2,0.5,True,True,0.6962848067101333,True,0.4708298795404353,TARGET_LONG
2025-05-30,XLF,Growth=Contraction|Inflation=Moderate|Rate=Stable,Gradient_Boosting,0.5441073193218234,1,3,0.0,True,False,0.5441073193218234,False,0.0,NO_POSITION
2025-06-30,XLK,Growth=Contraction|Inflation=Moderate|Rate=Stable,Gradient_Boosting,0.7196946887047226,1,1,1.0,True,True,0.7196946887047226,True,0.6,TARGET_LONG
2025-06-30,XLE,Growth=Contraction|Inflation=Moderate|Rate=Stable,Gradient_Boosting,0.3583829476567743,0,2,0.5,False,True,0.3583829476567743,False,0.0,NO_POSITION
2025-06-30,XLF,Growth=Contraction|Inflation=Moderate|Rate=Stable,Gradient_Boosting,0.3449376871356482,0,3,0.0,False,False,0.3449376871356482,False,0.0,NO_POSITION
2025-07-31,XLK,Growth=Expansion|Inflation=Moderate|Rate=Stable,Gradient_Boosting,0.8399031853304896,1,1,1.0,True,True,0.8399031853304896,True,0.5871695890140252,TARGET_LONG
2025-07-31,XLF,Growth=Expansion|Inflation=Moderate|Rate=Stable,Gradient_Boosting,0.5905237322843252,1,2,0.5,True,True,0.5905237322843252,True,0.4128304109859749,TARGET_LONG
2025-07-31,XLE,Growth=Expansion|Inflation=Moderate|Rate=Stable,Gradient_Boosting,0.5068872627928663,1,3,0.0,True,False,0.5068872627928663,False,0.0,NO_POSITION
2025-08-29,XLK,Growth=Expansion|Inflation=Moderate|Rate=Stable,Gradient_Boosting,0.5576433768574597,1,1,1.0,True,True,0.5576433768574597,True,0.6,TARGET_LONG
2025-08-29,XLE,Growth=Expansion|Inflation=Moderate|Rate=Stable,Gradient_Boosting,0.4301581563592779,0,2,0.5,False,True,0.4301581563592779,False,0.0,NO_POSITION
2025-08-29,XLF,Growth=Expansion|Inflation=Moderate|Rate=Stable,Gradient_Boosting,0.3452751899832892,0,3,0.0,False,False,0.3452751899832892,False,0.0,NO_POSITION
2025-09-30,XLF,Growth=Expansion|Inflation=Moderate|Rate=Stable,Gradient_Boosting,0.6324568296996703,1,1,1.0,True,True,0.6324568296996703,True,0.5143416318326359,TARGET_LONG
2025-09-30,XLK,Growth=Expansion|Inflation=Moderate|Rate=Stable,Gradient_Boosting,0.5971866417925777,1,2,0.5,True,True,0.5971866417925777,True,0.48565836816736396,TARGET_LONG
2025-09-30,XLE,Growth=Expansion|Inflation=Moderate|Rate=Stable,Gradient_Boosting,0.4485568313703393,0,3,0.0,False,False,0.4485568313703393,False,0.0,NO_POSITION
2025-10-31,XLF,Growth=Expansion|Inflation=High|Rate=Stable,Gradient_Boosting,0.6117539129551708,1,1,1.0,True,True,0.6117539129551708,True,0.5423319137099499,TARGET_LONG
2025-10-31,XLE,Growth=Expansion|Inflation=High|Rate=Stable,Gradient_Boosting,0.5162525670071153,1,2,0.5,True,True,0.5162525670071153,True,0.45766808629005024,TARGET_LONG
2025-10-31,XLK,Growth=Expansion|Inflation=High|Rate=Stable,Gradient_Boosting,0.4191950316316924,0,3,0.0,False,False,0.4191950316316924,False,0.0,NO_POSITION
2025-11-28,XLE,Growth=Expansion|Inflation=High|Rate=Stable,Gradient_Boosting,0.6533933371799819,1,1,1.0,True,True,0.6533933371799819,True,0.6,TARGET_LONG
2025-11-28,XLK,Growth=Expansion|Inflation=High|Rate=Stable,Gradient_Boosting,0.4746722292203729,0,2,0.5,False,True,0.4746722292203729,False,0.0,NO_POSITION
2025-11-28,XLF,Growth=Expansion|Inflation=High|Rate=Stable,Gradient_Boosting,0.42631573608015,0,3,0.0,False,False,0.42631573608015,False,0.0,NO_POSITION
2025-12-31,XLF,Growth=Expansion|Inflation=Moderate|Rate=Falling,Gradient_Boosting,0.558124751632568,1,1,1.0,True,True,0.558124751632568,True,0.6,TARGET_LONG
2025-12-31,XLK,Growth=Expansion|Inflation=Moderate|Rate=Falling,Gradient_Boosting,0.4085788969601278,0,2,0.5,False,True,0.4085788969601278,False,0.0,NO_POSITION
2025-12-31,XLE,Growth=Expansion|Inflation=Moderate|Rate=Falling,Gradient_Boosting,0.3489989297902776,0,3,0.0,False,False,0.3489989297902776,False,0.0,NO_POSITION
2026-01-30,XLF,Growth=Expansion|Inflation=Moderate|Rate=Falling,Gradient_Boosting,0.5986044224089045,1,1,1.0,True,True,0.5986044224089045,True,0.5058205677718056,TARGET_LONG
2026-01-30,XLE,Growth=Expansion|Inflation=Moderate|Rate=Falling,Gradient_Boosting,0.5848279260339868,1,2,0.5,True,True,0.5848279260339868,True,0.4941794322281945,TARGET_LONG
2026-01-30,XLK,Growth=Expansion|Inflation=Moderate|Rate=Falling,Gradient_Boosting,0.3770487553760946,0,3,0.0,False,False,0.3770487553760946,False,0.0,NO_POSITION
2026-02-27,XLE,Growth=Expansion|Inflation=Moderate|Rate=Falling,Gradient_Boosting,0.8019800283413806,1,1,1.0,True,True,0.8019800283413806,True,0.5516276690518255,TARGET_LONG
2026-02-27,XLF,Growth=Expansion|Inflation=Moderate|Rate=Falling,Gradient_Boosting,0.6518629772494693,1,2,0.5,True,True,0.6518629772494693,True,0.44837233094817447,TARGET_LONG
2026-02-27,XLK,Growth=Expansion|Inflation=Moderate|Rate=Falling,Gradient_Boosting,0.4641015540172111,0,3,0.0,False,False,0.4641015540172111,False,0.0,NO_POSITION
2026-03-31,XLE,Growth=Expansion|Inflation=Moderate|Rate=Stable,Gradient_Boosting,0.6945675359380139,1,1,1.0,True,True,0.6945675359380139,True,0.5292248622793845,TARGET_LONG
2026-03-31,XLF,Growth=Expansion|Inflation=Moderate|Rate=Stable,Gradient_Boosting,0.6178567007966218,1,2,0.5,True,True,0.6178567007966218,True,0.4707751377206155,TARGET_LONG
2026-03-31,XLK,Growth=Expansion|Inflation=Moderate|Rate=Stable,Gradient_Boosting,0.3101967046520148,0,3,0.0,False,False,0.3101967046520148,False,0.0,NO_POSITION
2026-04-30,XLK,Growth=Expansion|Inflation=High|Rate=Stable,Gradient_Boosting,0.609182085824036,1,1,1.0,True,True,0.609182085824036,True,0.6,TARGET_LONG
2026-04-30,XLE,Growth=Expansion|Inflation=High|Rate=Stable,Gradient_Boosting,0.4320873692586027,0,2,0.5,False,True,0.4320873692586027,False,0.0,NO_POSITION
2026-04-30,XLF,Growth=Expansion|Inflation=High|Rate=Stable,Gradient_Boosting,0.3960721812609972,0,3,0.0,False,False,0.3960721812609972,False,0.0,NO_POSITION
2026-05-29,XLK,Growth=Expansion|Inflation=High|Rate=Stable,Gradient_Boosting,0.6453067903538333,1,1,1.0,True,True,0.6453067903538333,True,0.5208724992316226,TARGET_LONG
2026-05-29,XLF,Growth=Expansion|Inflation=High|Rate=Stable,Gradient_Boosting,0.5935890839835004,1,2,0.5,True,True,0.5935890839835004,True,0.47912750076837735,TARGET_LONG
2026-05-29,XLE,Growth=Expansion|Inflation=High|Rate=Stable,Gradient_Boosting,0.2545833191562979,0,3,0.0,False,False,0.2545833191562979,False,0.0,NO_POSITION
