Date,SPY_Daily_Return
2014-12-24,9.647659473355219e-05
2014-12-26,0.0032246747140833865
2014-12-29,0.0013434536214267379
2014-12-30,-0.005366339185418845
2014-12-31,-0.009922824355758086
2015-01-02,-0.0005353828571613706
2015-01-05,-0.01805935978619977
2015-01-06,-0.009418829673873974
2015-01-07,0.012460783864177927
2015-01-08,0.017745086544961985
2015-01-09,-0.008013382972202665
2015-01-12,-0.007833379428705545
2015-01-13,-0.0028129909334163594
2015-01-14,-0.006037123896697416
2015-01-15,-0.00916062716350452
2015-01-16,0.013114104974657259
2015-01-20,0.0021326704629263116
2015-01-21,0.005048165005093974
2015-01-22,0.014870854918155763
2015-01-23,-0.005482869304930804
2015-01-26,0.0023414349264945233
2015-01-27,-0.013190112338536952
2015-01-28,-0.012824277772761294
2015-01-29,0.009243332469410115
2015-01-30,-0.01257476262389634
2015-02-02,0.01238433878922951
2015-02-03,0.014461163172640346
2015-02-04,-0.0038081922125229317
2015-02-05,0.010095235612227471
2015-02-06,-0.00276518717710994
2015-02-09,-0.004475984485171058
2015-02-10,0.010653354464729592
2015-02-11,0.0005803293451658309
2015-02-12,0.009616792348130732
2015-02-13,0.004115975910709446
2015-02-17,0.0015736861292656723
2015-02-18,9.468955146951785e-05
2015-02-19,-0.0007136648085711572
2015-02-20,0.006000719628889595
2015-02-23,-0.00014219277702665067
2015-02-24,0.002840936422743079
2015-02-25,-0.000849901395739594
2015-02-26,-0.0011812723681686732
2015-02-27,-0.003406259225267161
2015-03-02,0.006313256980294613
2015-03-03,-0.004103600488542081
2015-03-04,-0.004215883473547732
2015-03-05,0.0010941520857339349
2015-03-06,-0.014064482310733428
2015-03-09,0.004144678073463526
2015-03-10,-0.016222054717351497
2015-03-11,-0.002341591130233356
2015-03-12,0.012714088249316857
2015-03-13,-0.006132422542831972
2015-03-16,0.01336059756337904
2015-03-17,-0.0029727617582000487
2015-03-18,0.012021726088058848
2015-03-19,-0.004561240219174034
2015-03-20,0.008827008722696927
2015-03-23,-0.0019490267321440324
2015-03-24,-0.005618718470844053
2015-03-25,-0.014653925088049968
2015-03-26,-0.002381248822983628
2015-03-27,0.0022893660902709723
2015-03-30,0.012199970716423314
2015-03-31,-0.008739680108191372
2015-04-01,-0.0035364940600512984
2015-04-02,0.0035979501080913856
2015-04-06,0.006733051093951614
2015-04-07,-0.002646183638454702
2015-04-08,0.0033770154448193868
2015-04-09,0.004423571714501362
2015-04-10,0.005457000699093939
2015-04-13,-0.0045229071113293
2015-04-14,0.0019128677650557258
2015-04-15,0.004487113364729289
2015-04-16,-0.00028526037612763844
2015-04-17,-0.01150336474249214
2015-04-20,0.00913699505311949
2015-04-21,-0.0011916068183011053
2015-04-22,0.004914519078013768
2015-04-23,0.002516096794069833
2015-04-24,0.002320440025731063
2015-04-27,-0.004157529593083131
2015-04-28,0.003178871741355449
2015-04-29,-0.004114863032440685
2015-04-30,-0.010020355826520166
2015-05-01,0.010841228746697684
2015-05-04,0.0028475430330108242
2015-05-05,-0.011451820296199289
2015-05-06,-0.004116828375628878
2015-05-07,0.003989489599923068
2015-05-08,0.013165918751850025
2015-05-11,-0.004772708232741341
2015-05-12,-0.002991102400330403
2015-05-13,0.00019049352361433236
2015-05-14,0.01042759971509355
2015-05-15,0.0010836324357603733
2015-05-18,0.003106617061444661
2015-05-19,-0.0003281162107876545
2015-05-20,-0.0007042742315054307
2015-05-21,0.002912556440823888
2015-05-22,-0.002388813201216422
2015-05-26,-0.010751654811430034
2015-05-27,0.009492041493738945
2015-05-28,-0.0011282586910676962
2015-05-29,-0.006213081238004237
2015-06-01,0.0020368818018003942
2015-06-02,-0.0009925966838630895
2015-06-03,0.0026493223989036974
2015-06-04,-0.008446700299691079
2015-06-05,-0.001712955649309733
2015-06-08,-0.0061494124339959155
2015-06-09,-0.00014414063468282112
2015-06-10,0.011993100367664544
2015-06-11,0.003223761084239607
2015-06-12,-0.007655140404491667
2015-06-15,-0.004285449071487535
2015-06-16,0.00545187360553534
2015-06-17,0.0016170717714130145
2015-06-18,0.010399288089649072
2015-06-19,-0.004439254376051971
2015-06-22,0.005122932051024653
2015-06-23,0.000708090997725952
2015-06-24,-0.007262766181308389
2015-06-25,-0.0030402565333824683
2015-06-26,-0.00019063909707883742
2015-06-29,-0.020970286816519912
2015-06-30,0.0020931758138498235
2015-07-01,0.008015852644660537
2015-07-02,-0.0009158786940544061
2015-07-06,-0.0028461172159943704
2015-07-07,0.006288820405054407
2015-07-08,-0.016777527952282156
2015-07-09,0.001809142531940422
2015-07-10,0.012591466099685977
2015-07-13,0.011037477744744395
2015-07-14,0.004338158414542326
2015-07-15,-0.0003322764480976348
2015-07-16,0.008024384423820141
2015-07-17,0.0008475850378137917
2015-07-20,0.0005177501031883303
2015-07-21,-0.003951322067528573
2015-07-22,-0.0017944745016859054
2015-07-23,-0.005629914247732626
2015-07-24,-0.010372096287605381
2015-07-27,-0.005817829606399871
2015-07-28,0.012283626884390886
2015-07-29,0.006878896914467747
2015-07-30,0.00023713979021589005
2015-07-31,-0.0015178209841094636
2015-08-03,-0.0033729041396716175
2015-08-04,-0.0019543103832575515
2015-08-05,0.0032955828281455712
2015-08-06,-0.0081882404927337
2015-08-07,-0.0019195933445196323
2015-08-10,0.012599441540550371
2015-08-11,-0.00902308533110463
2015-08-12,0.0011979820856113932
2015-08-13,-0.0012447294568392886
2015-08-14,0.0036425359151024406
2015-08-17,0.005586641977751272
2015-08-18,-0.0028966040120702585
2015-08-19,-0.007905346419775805
2015-08-20,-0.02088144060538999
2015-08-21,-0.030102475902801462
2015-08-24,-0.042106778411630796
2015-08-25,-0.011767849809758868
2015-08-26,0.03839370328372249
2015-08-27,0.024735253038990157
2015-08-28,4.987115241306128e-05
2015-08-31,-0.008078723795646447
2015-09-01,-0.02984778209799699
2015-09-02,0.01898101402332064
2015-09-03,0.0007166707813734963
2015-09-04,-0.01513720425277032
2015-09-08,0.025131088270695434
2015-09-09,-0.013371565173749933
2015-09-10,0.005442217393297755
2015-09-11,0.004543698157075005
2015-09-14,-0.0037104814239645734
2015-09-15,0.012499520305032874
2015-09-16,0.008666519116914628
2015-09-17,-0.0022480800030865167
2015-09-18,-0.016340961381682284
2015-09-21,0.005167465202377652
2015-09-22,-0.012979493025652933
2015-09-23,-0.001599113487763093
2015-09-24,-0.003615735365826711
2015-09-25,-0.0002593725713316841
2015-09-28,-0.02509703031990973
2015-09-29,0.0005849187229287622
2015-09-30,0.018658258826407925
2015-10-01,0.0026092054920821006
2015-10-02,0.01493787494059462
2015-10-05,0.01779463698737005
2015-10-06,-0.0034261039637748514
2015-10-07,0.008191010287504685
2015-10-08,0.009026369214657493
2015-10-09,0.000596224035094739
2015-10-12,0.0009439487261666546
2015-10-13,-0.0063019944811471
2015-10-14,-0.004794021724800368
2015-10-15,0.015354343045797636
2015-10-16,0.004546588268236729
2015-10-19,0.0004915643156553351
2015-10-20,-0.0012779048162346873
2015-10-21,-0.00620371595468161
2015-10-22,0.016893542933726025
2015-10-23,0.010961663361320095
2015-10-26,-0.0024573510480438987
2015-10-27,-0.0019326735111672155
2015-10-28,0.011374736367888882
2015-10-29,-0.0005743128200283998
2015-10-30,-0.004309341812926193
2015-11-02,0.011830681244443086
2015-11-03,0.0028993330919457883
2015-11-04,-0.0030333286478230193
2015-11-05,-0.0009983757676934601
2015-11-06,-0.0005232957129345239
2015-11-09,-0.009331676287259838
2015-11-10,0.0023069440459537738
2015-11-11,-0.003931678519523141
2015-11-12,-0.013960022496318336
2015-11-13,-0.011228127248494202
2015-11-16,0.015207031261939008
2015-11-17,-0.0007292736333668337
2015-11-18,0.01586574549500397
2015-11-19,-0.0008624208091927432
2015-11-20,0.003644291070452388
2015-11-23,-0.001146128116351175
2015-11-24,0.0013389450297534022
2015-11-25,-0.0001434995237554748
2015-11-27,0.0011465082946799932
2015-11-30,-0.004151235287897848
2015-12-01,0.009535644025888246
2015-12-02,-0.010204950245628286
2015-12-03,-0.014003000019208511
2015-12-04,0.019502908027004606
2015-12-07,-0.0060589115517213354
2015-12-08,-0.006719176270410632
2015-12-09,-0.007779543300883818
2015-12-10,0.002581119734252013
2015-12-11,-0.019381434473251025
2015-12-14,0.005052573896925816
2015-12-15,0.010497992872420037
2015-12-16,0.01463197177876796
2015-12-17,-0.015238500669887634
2015-12-18,-0.017814666675672775
2015-12-21,0.00824902981466602
2015-12-22,0.00907416633093705
2015-12-23,0.012383055859162884
2015-12-24,-0.0016502180758267704
2015-12-28,-0.0022845041435402003
2015-12-29,0.010671553598595507
2015-12-30,-0.007088061099990828
2015-12-31,-0.01000319482780665
2016-01-04,-0.013979286664155377
2016-01-05,0.0016913535861782236
2016-01-06,-0.012614161233242438
2016-01-07,-0.02399176035404116
2016-01-08,-0.010976468536262551
2016-01-11,0.0009900311277932783
2016-01-12,0.008068244395128987
2016-01-13,-0.02494055286605612
2016-01-14,0.016416397879686073
2016-01-15,-0.021466005862740944
2016-01-19,0.0013313578674527538
2016-01-20,-0.012814954209345752
2016-01-21,0.005602066667537597
2016-01-22,0.020515091595063595
2016-01-25,-0.015116437255209725
2016-01-26,0.01364307841000989
2016-01-27,-0.010883388164217855
2016-01-28,0.005209198189854991
2016-01-29,0.024377486732005904
2016-02-01,-0.0003614820633796034
2016-02-02,-0.018021850047993837
2016-02-03,0.005994402115496733
2016-02-04,0.001568766735143834
2016-02-05,-0.019050201066877714
2016-02-08,-0.013461199934825085
2016-02-09,5.3686935664876145e-05
2016-02-10,-0.0008624587218432067
2016-02-11,-0.013008226025596037
2016-02-12,0.020616667933599953
2016-02-16,0.016878552914440847
2016-02-17,0.01633441168260341
2016-02-18,-0.004095715905747976
2016-02-19,-0.000468289278022338
2016-02-22,0.014478803423186415
2016-02-23,-0.012629671406645837
2016-02-24,0.004575841978639916
2016-02-25,0.012112033002992462
2016-02-26,-0.002301338011970855
2016-02-29,-0.007842579154069496
2016-03-01,0.0235067818256387
2016-03-02,0.004492263496547189
2016-03-03,0.003919825213158257
2016-03-04,0.0032537668137708753
2016-03-07,0.0007981837639543521
2016-03-08,-0.010918158251622123
2016-03-09,0.004939915033461473
2016-03-10,0.0008023873178686358
2016-03-11,0.01613710502837451
2016-03-14,-0.0012823782430240183
2016-03-15,-0.0016292975751271976
2016-03-16,0.0057871833445717336
2016-03-17,0.006343843980833874
2016-03-18,0.003929880411557063
2016-03-21,0.0014188079986445779
2016-03-22,-0.0005377215825096426
2016-03-23,-0.006599347820250512
2016-03-24,-0.00044287332812664726
2016-03-28,0.0005906707530480837
2016-03-29,0.00924997379742587
2016-03-30,0.004387934685129213
2016-03-31,-0.00242687792429086
2016-04-01,0.006812087457842342
2016-04-04,-0.003237977369750178
2016-04-05,-0.009987931089875612
2016-04-06,0.010921337375725537
2016-04-07,-0.011966503560030484
2016-04-08,0.0026970412535713972
2016-04-11,-0.0023470916790422347
2016-04-12,0.009312663708130442
2016-04-13,0.01010117792277554
2016-04-14,4.787294364927419e-05
2016-04-15,-0.0011056129594597675
2016-04-18,0.007026662441067089
2016-04-19,0.003154056707617814
2016-04-20,0.0009532531909790531
2016-04-21,-0.005378454437404923
2016-04-22,0.0
2016-04-25,-0.0017224918313043514
2016-04-26,0.0014855907793416279
2016-04-27,0.002058435504552092
2016-04-28,-0.009075736703690551
2016-04-29,-0.005398726102707863
2016-05-02,0.007948306033476182
2016-05-03,-0.008703309034095552
2016-05-04,-0.005578107302294022
2016-05-05,-0.00019533859230969064
2016-05-06,0.0036593609756889744
2016-05-09,0.0008259232773644154
2016-05-10,0.012434247845022561
2016-05-11,-0.009354720058961319
2016-05-12,0.0002903704778502991
2016-05-13,-0.008714164693214621
2016-05-16,0.009864948026966358
2016-05-17,-0.009333354116499382
2016-05-18,0.00029279727493736196
2016-05-19,-0.003464998471414682
2016-05-20,0.0063174294458769875
2016-05-23,-0.0013622485917034188
2016-05-24,0.012962086148094354
2016-05-25,0.006783065767282048
2016-05-26,0.0002865133519094343
2016-05-27,0.004299565837263097
2016-05-31,-0.001902651558851054
2016-06-01,0.0020488954653996583
2016-06-02,0.0030440661262929325
2016-06-03,-0.0029871886157455396
2016-06-06,0.005088871574326248
2016-06-07,0.0015609852183509076
2016-06-08,0.003259587772177719
2016-06-09,-0.0013655132651071433
2016-06-10,-0.009477504447913287
2016-06-13,-0.007711653900198123
2016-06-14,-0.0019669323853819254
2016-06-15,-0.0013940205123376126
2016-06-16,0.002984435311348399
2016-06-17,-0.00372426138046289
2016-06-20,0.0064398376873624485
2016-06-21,0.0028388088499751163
2016-06-22,-0.0016313962347171973
2016-06-23,0.013022914055206058
2016-06-24,-0.03590919712619012
2016-06-27,-0.017909865519782797
2016-06-28,0.01803589606945688
2016-06-29,0.017027690603703904
2016-06-30,0.01364569711018171
2016-07-01,0.002100289350966067
2016-07-05,-0.007192970120143416
2016-07-06,0.005997659349383122
2016-07-07,-0.0006201218695828237
2016-07-08,0.014890364475421025
2016-07-11,0.003526979552970211
2016-07-12,0.007263450570904828
2016-07-13,-0.00013958959159998674
2016-07-14,0.005583279649822082
2016-07-15,-0.001341508759302057
2016-07-18,0.002687285623237612
2016-07-19,-0.0010166404725714395
2016-07-20,0.004162839613429226
2016-07-21,-0.003777150201028534
2016-07-22,0.004485159216940149
2016-07-25,-0.0027160208785137474
2016-07-26,0.0004614546844223799
2016-07-27,-0.0010608314435861521
2016-07-28,0.0011546187189375168
2016-07-29,0.00161456890192202
2016-08-01,-0.0008290843003576631
2016-08-02,-0.006407387541046861
2016-08-03,0.0029228896808806137
2016-08-04,0.00106404258623094
2016-08-05,0.008178567162711481
2016-08-08,-0.0005957418578935725
2016-08-09,0.0005960969778147085
2016-08-10,-0.0024746768658723273
2016-08-11,0.004640470150904186
2016-08-12,-0.000868670362495938
2016-08-15,0.0028834623655067393
2016-08-16,-0.005157485262546557
2016-08-17,0.0018809131937931323
2016-08-18,0.0022439825501747723
2016-08-19,-0.0014620549553578943
2016-08-22,-4.5656216720924014e-05
2016-08-23,0.0020130638482569463
2016-08-24,-0.0051146637403709505
2016-08-25,-0.0006883280740496156
2016-08-26,-0.0018836530724437583
2016-08-29,0.004924613496240626
2016-08-30,-0.0016489162067544472
2016-08-31,-0.0028441891661479257
2016-09-01,4.6311892300643365e-05
2016-09-02,0.004507866641770386
2016-09-06,0.003022383223492575
2016-09-07,-9.110816976931613e-05
2016-09-08,-0.0022831464791336353
2016-09-09,-0.02393501465298642
2016-09-12,0.014347696231687745
2016-09-13,-0.014375685338624211
2016-09-14,-0.000375101556751245
2016-09-15,0.009992790977510824
2016-09-16,-0.0038654897759854423
2016-09-19,0.00018727926086015145
2016-09-20,4.7270389719411554e-05
2016-09-21,0.011245394799751285
2016-09-22,0.006301155597251196
2016-09-23,-0.005479110297008094
2016-09-26,-0.008102372370801247
2016-09-27,0.006208362929253086
2016-09-28,0.004963511784837005
2016-09-29,-0.009047382301964335
2016-09-30,0.00754616445579126
2016-10-03,-0.0024042874729519603
2016-10-04,-0.005097615011660506
2016-10-05,0.004425265508043452
2016-10-06,0.0006953910361591209
2016-10-07,-0.0034296050052524674
2016-10-10,0.005208816388994286
2016-10-11,-0.012629735274653608
2016-10-12,0.0013121729953913253
2016-10-13,-0.0032755081395230423
2016-10-14,0.000515930116320229
2016-10-17,-0.003471993110206184
2016-10-18,0.006262650659233593
2016-10-19,0.002666859930681831
2016-10-20,-0.001866502951179072
2016-10-21,0.0004673316587282539
2016-10-24,0.0042529138986298065
2016-10-25,-0.0033508311969019378
2016-10-26,-0.002007521443771032
2016-10-27,-0.0026669864304150748
2016-10-28,-0.0029556352048845103
2016-10-31,4.7463893478205677e-05
2016-11-01,-0.007245530975009684
2016-11-02,-0.006018575533401682
2016-11-03,-0.00457716676750719
2016-11-04,-0.0011015121611535061
2016-11-07,0.02205710044804743
2016-11-08,0.004503856649890503
2016-11-09,0.010602062141959134
2016-11-10,0.0024955709525655845
2016-11-11,-0.00230497990855838
2016-11-14,0.0007852550271145731
2016-11-15,0.007803021818392208
2016-11-16,-0.0018786779685651123
2016-11-17,0.0051409116336174066
2016-11-18,-0.0022375333937127984
2016-11-21,0.007551439516864544
2016-11-22,0.0019532333152010306
2016-11-23,0.000544038911589384
2016-11-25,0.0037155912699393667
2016-11-28,-0.004694861367183001
2016-11-29,0.0019499861927849693
2016-11-30,-0.002398893183457873
2016-12-01,-0.0036752916540939706
2016-12-02,0.0005009217658584753
2016-12-05,0.006008700689467128
2016-12-06,0.0031675419693666385
2016-12-07,0.013080365655968595
2016-12-08,0.00244915287862546
2016-12-09,0.006040041756241399
2016-12-12,-0.001147721046659278
2016-12-13,0.006673978738273023
2016-12-14,-0.008254063351972762
2016-12-15,0.004117232106504165
2016-12-16,-0.0019559154419013236
2016-12-19,0.0021774546401671646
2016-12-20,0.0038573995636796976
2016-12-21,-0.002782577499173877
2016-12-22,-0.0017274628529954095
2016-12-23,0.0014642529279358385
2016-12-27,0.0024809195361874536
2016-12-28,-0.008264510053817453
2016-12-29,-0.00022266989574859508
2016-12-30,-0.0036549689705155375
2017-01-03,0.00765002173139484
2017-01-04,0.005949230079507428
2017-01-05,-0.000794602676374434
2017-01-06,0.003577733807651473
2017-01-09,-0.0033007680840384523
2017-01-10,0.0
2017-01-11,0.0028259687420535418
2017-01-12,-0.0025100515976289595
2017-01-13,0.0022959480385025266
2017-01-17,-0.003523632263023768
2017-01-18,0.0022099792793395245
2017-01-19,-0.003704506257151463
2017-01-20,0.0036737306181866547
2017-01-23,-0.0026019515105205615
2017-01-24,0.006411766655413098
2017-01-25,0.008655448682017619
2017-01-26,-0.0010453627541511246
2017-01-27,-0.001569685021483913
2017-01-30,-0.006201862686892379
2017-01-31,-8.783497303632704e-05
2017-02-01,0.00039544784858236426
2017-02-02,0.0006591824907180577
2017-02-03,0.006892507578755591
2017-02-06,-0.0017873361969032997
2017-02-07,4.326575155855217e-05
2017-02-08,0.0013109187738846728
2017-02-09,0.005932686214116023
2017-02-10,0.003946013040015295
2017-02-13,0.005442547263047937
2017-02-14,0.003995320650249434
2017-02-15,0.0052206499272065
2017-02-16,-0.0008516986190670872
2017-02-17,0.0015765175283399824
2017-02-21,0.005955092941913653
2017-02-22,-0.0008879272611426181
2017-02-23,0.0006772422240690634
2017-02-24,0.0012688105225466817
2017-02-27,0.0015626912058859244
2017-02-28,-0.002699187643160794
2017-03-01,0.01399755906104172
2017-03-02,-0.006297436296096581
2017-03-03,0.0006297188477870641
2017-03-06,-0.002978060142218908
2017-03-07,-0.002986806395835595
2017-03-08,-0.001856365738291954
2017-03-09,0.0012680919380887445
2017-03-10,0.0035042685363080306
2017-03-13,0.0005046762315610298
2017-03-14,-0.003826377318877472
2017-03-15,0.008653282030247622
2017-03-16,-0.001966831409683678
2017-03-17,-0.001756354758845391
2017-03-20,-0.0010967968634110203
2017-03-21,-0.012839519934465637
2017-03-22,0.002353183602440634
2017-03-23,-0.0010671246318887384
2017-03-24,-0.0007263234389511819
2017-03-27,-0.0010262673598472327
2017-03-28,0.0072766604282776814
2017-03-29,0.0009350334668809523
2017-03-30,0.003183723924862214
2017-03-31,-0.0023273910149804733
2017-04-03,-0.0017390632766681735
2017-04-04,0.0006372230628568509
2017-04-05,-0.002972513168631896
2017-04-06,0.002811026069225342
2017-04-07,-0.0010194553747927548
2017-04-10,0.0005954204382379036
2017-04-11,-0.0011897574262198507
2017-04-12,-0.004381850464389991
2017-04-13,-0.006494997527409563
2017-04-17,0.008860270905522105
2017-04-18,-0.00298464514243435
2017-04-19,-0.001838361620742468
2017-04-20,0.008138981872655826
2017-04-21,-0.0031868796990395243
2017-04-24,0.010997969344181291
2017-04-25,0.005818383768896984
2017-04-26,-0.000628843698949888
2017-04-27,0.000839109192978027
2017-04-28,-0.0021796033695641315
2017-05-01,0.0025202665787131817
2017-05-02,0.00037733723645150263
2017-05-03,-0.0012147818730989801
2017-05-04,0.0011739443969511765
2017-05-05,0.003937032019326825
2017-05-08,-0.00016685279057426783
2017-05-09,-0.0009178802993987656
2017-05-10,0.001795891288969509
2017-05-11,-0.0020424426496151726
2017-05-12,-0.0016711997727121286
2017-05-15,0.00552346781737123
2017-05-16,-0.0009155088819778889
2017-05-17,-0.017743932594425305
2017-05-18,0.00402838233894709
2017-05-19,0.006504032449450747
2017-05-22,0.005077494588408005
2017-05-23,0.00221269981122707
2017-05-24,0.0023329738037263237
2017-05-25,0.004779368741756773
2017-05-26,-0.00020658812523277614
2017-05-30,-0.0008690026337216938
2017-05-31,-0.0002482310796123599
2017-06-01,0.007951943157190167
2017-06-02,0.0033285521265833395
2017-06-05,-0.0007369835163520966
2017-06-06,-0.0031968905859081076
2017-06-07,0.0018502388111583112
2017-06-08,0.0004923506448888393
2017-06-09,-0.0015177924308669155
2017-06-12,-0.00020555011400202883
2017-06-13,0.0048902132375681084
2017-06-14,-0.0012679502137645793
2017-06-15,-0.0019243483555204666
2017-06-16,0.00021863537655009146
2017-06-19,0.008325140821126675
2017-06-20,-0.006744091842442401
2017-06-21,-0.000246864131963731
2017-06-22,-0.0004528043918990976
2017-06-23,0.001194264954465174
2017-06-26,0.0006579071836012584
2017-06-27,-0.008056391420457665
2017-06-28,0.008950796843312236
2017-06-29,-0.00878904869895114
2017-06-30,0.0018645429072916553
2017-07-03,0.0016956732016473186
2017-07-05,0.0023121827217997826
2017-07-06,-0.009144809130837483
2017-07-07,0.006485275334817464
2017-07-10,0.0010740112765745824
2017-07-11,-0.0007429101374999414
2017-07-12,0.007515089076676418
2017-07-13,0.0016801712807701374
2017-07-14,0.004663935006161246
2017-07-17,-0.00012211456090305273
2017-07-18,0.0005295614107470037
2017-07-19,0.005414232873975022
2017-07-20,0.00044511346519415795
2017-07-21,-0.0008904703051635376
2017-07-24,-0.0002428521811752571
2017-07-25,0.00243096112375607
2017-07-26,4.0446147976380686e-05
2017-07-27,-0.0009296561372099665
2017-07-28,-0.0011732010177921692
2017-07-31,-0.0005667758029466174
2017-08-01,0.0022285476498618007
2017-08-02,0.0004853371325499456
2017-08-03,-0.0019399810642182214
2017-08-04,0.0018221874353521184
2017-08-07,0.0018594628164914084
2017-08-08,-0.002461531531161465
2017-08-09,-4.018832276453388e-05
2017-08-10,-0.01411511804161103
2017-08-11,0.0014769155066909345
2017-08-14,0.009913017387892298
2017-08-15,-0.00012162914405200453
2017-08-16,0.0017444652541678263
2017-08-17,-0.015590943866587326
2017-08-18,-0.001563174938009948
2017-08-21,0.000782738804596228
2017-08-22,0.010457049316259015
2017-08-23,-0.00358539926193302
2017-08-24,-0.002330596703826293
2017-08-25,0.0023360410734520887
2017-08-28,4.077557146997535e-05
2017-08-29,0.0011447562061226435
2017-08-30,0.0047375585311331125
2017-08-31,0.006016058809222846
2017-09-01,0.001414222068617521
2017-09-05,-0.007181973844938017
2017-09-06,0.0034139720845993704
2017-09-07,-0.00012173621440481064
2017-09-08,-0.00117455613853501
2017-09-11,0.0106658143565459
2017-09-12,0.00337089013155345
2017-09-13,0.00047961694677445266
2017-09-14,-0.00031952117159350646
2017-09-15,0.0013462367638537032
2017-09-18,0.0021266719718375793
2017-09-19,0.0010010909162647685
2017-09-20,0.0003601301472473395
2017-09-21,-0.002679149851098961
2017-09-22,0.0002002729147518867
2017-09-25,-0.0020445598201308535
2017-09-26,0.0006026309151976328
2017-09-27,0.0038945072277416504
2017-09-28,0.001199443873879602
2017-09-29,0.0035150282600679983
2017-10-02,0.004338898145031855
2017-10-03,0.0021399634998719996
2017-10-04,0.001186391320523672
2017-10-05,0.00592527235447271
2017-10-06,-0.001138971853407611
2017-10-09,-0.0016509645667249773
2017-10-10,0.0026385233349890402
2017-10-11,0.0015707145746162166
2017-10-12,-0.0014902257794126017
2017-10-13,0.001217683767751998
2017-10-16,0.0013333074775745413
2017-10-17,0.0007051139442646459
2017-10-18,0.0009786272753973257
2017-10-19,0.0002735373267779284
2017-10-20,0.005160683137251709
2017-10-23,-0.0038892681068736223
2017-10-24,0.0017570041081345078
2017-10-25,-0.004950244928142111
2017-10-26,0.0012928685703603726
2017-10-27,0.008176182640208252
2017-10-30,-0.0037253159265170366
2017-10-31,0.001557956710889874
2017-11-01,0.0013222406336645953
2017-11-02,0.00038848852724049365
2017-11-03,0.0033386459046855776
2017-11-06,0.001547505875304056
2017-11-07,-0.0006952139235536503
2017-11-08,0.0017009843030066918
2017-11-09,-0.0036276521960392216
2017-11-10,-0.0003101886832287404
2017-11-13,0.0009299748374083094
2017-11-14,-0.002322472653312202
2017-11-15,-0.00500545180430112
2017-11-16,0.008501015970427073
2017-11-17,-0.002938761360553599
2017-11-20,0.0017065312335728944
2017-11-21,0.006542811422511452
2017-11-22,-0.000884609138156911
2017-11-24,0.0023097543000880627
2017-11-27,-0.0004994813955258026
2017-11-28,0.010144861571693031
2017-11-29,-0.0006084215915697078
2017-11-30,0.008755034004906292
2017-12-01,-0.002075527855482373
2017-12-04,-0.0012100553898594102
2017-12-05,-0.003596336255587973
2017-12-06,0.0001898382631100315
2017-12-07,0.0031529070667219994
2017-12-08,0.005453093033294554
2017-12-11,0.0030131094672525283
2017-12-12,0.001764885663236182
2017-12-13,-0.00011256666333359089
2017-12-14,-0.004086125615224145
2017-12-15,0.008327436863937443
2017-12-18,0.006341289651647042
2017-12-19,-0.003840523714142008
2017-12-20,-0.0005239585137273295
2017-12-21,0.002059506129896249
2017-12-22,-0.00026138300580458296
2017-12-26,-0.0011962828427948269
2017-12-27,0.00048651506313479587
2017-12-28,0.0020570769611281126
2017-12-29,-0.003770119274209227
2018-01-02,0.007157144150463646
2018-01-03,0.006325282934042553
2018-01-04,0.00421461973411108
2018-01-05,0.006664408167099678
2018-01-08,0.0018286142338477251
2018-01-09,0.002263543379092736
2018-01-10,-0.00153018487507528
2018-01-11,0.007296288126279027
2018-01-12,0.006518791978965099
2018-01-16,-0.00341821191437941
2018-01-17,0.009531993221080226
2018-01-18,-0.0016812147961074997
2018-01-19,0.004549713822384227
2018-01-22,0.008130872982421433
2018-01-23,0.0021224298969459987
2018-01-24,-0.0003881857772338737
2018-01-25,0.0004235059293900001
2018-01-26,0.011578045175701934
2018-01-29,-0.006629655924551114
2018-01-30,-0.010257297891338668
2018-01-31,0.0004968270676617426
2018-02-01,-0.0011354635935819646
2018-02-02,-0.021769746754886077
2018-02-05,-0.04182232153060206
2018-02-06,0.019702093561055678
2018-02-07,-0.005424944748564253
2018-02-08,-0.03750857455728529
2018-02-09,0.015021144778382567
2018-02-12,0.014684527129672498
2018-02-13,0.002487659630885375
2018-02-14,0.013496027510999875
2018-02-15,0.01276011274297617
2018-02-16,0.0002929606185047007
2018-02-20,-0.006261042468885036
2018-02-21,-0.004974057653061137
2018-02-22,0.001295862020494365
2018-02-23,0.015939545223902174
2018-02-26,0.011611958501404951
2018-02-27,-0.012486437370987757
2018-02-28,-0.010129997539448765
2018-03-01,-0.014540666538231828
2018-03-02,0.005154934358277741
2018-03-05,0.011558044918339672
2018-03-06,0.0025349495845283787
2018-03-07,-0.00036681598754650935
2018-03-08,0.004839172864440355
2018-03-09,0.017402171874244976
2018-03-12,-0.0012546282725900415
2018-03-13,-0.006462931082308332
2018-03-14,-0.005131306035626837
2018-03-15,-0.0010898275626620713
2018-03-16,0.0010843170253258538
2018-03-19,-0.013530379920016933
2018-03-20,0.001700759075899061
2018-03-21,-0.0019192578895050882
2018-03-22,-0.024996986490836925
2018-03-23,-0.021314718291581713
2018-03-26,0.02735889156428639
2018-03-27,-0.017011608910087794
2018-03-28,-0.0029549280144008927
2018-03-29,0.012777653963301328
2018-04-02,-0.021584528967070526
2018-04-03,0.012816710463935399
2018-04-04,0.010699307031547978
2018-04-05,0.007891961360385391
2018-04-06,-0.022285907187074572
2018-04-09,0.0049280590956497505
2018-04-10,0.015900738860465502
2018-04-11,-0.005241988874092773
2018-04-12,0.008226680483033766
2018-04-13,-0.0029329400005650985
2018-04-16,0.00822148969948655
2018-04-17,0.010698702073603572
2018-04-18,0.0007401589201676551
2018-04-19,-0.005547726421346377
2018-04-20,-0.008479264678434961
2018-04-23,-0.00014960399743957353
2018-04-24,-0.01346754334911382
2018-04-25,0.002471401442540655
2018-04-26,0.010166188846072233
2018-04-27,0.0009384180998464053
2018-04-30,-0.0076904637690741184
2018-05-01,0.0017769729154142322
2018-05-02,-0.006717339672424272
2018-05-03,-0.0022038075369481547
2018-05-04,0.012946384753089069
2018-05-07,0.0033833162616534462
2018-05-08,0.0
2018-05-09,0.00966561749889916
2018-05-10,0.009350702741591554
2018-05-11,0.003051389764304746
2018-05-14,0.0004763622370624887
2018-05-15,-0.0068870312899230735
2018-05-16,0.004204846684781494
2018-05-17,-0.0008444682749547683
2018-05-18,-0.0025000330944761062
2018-05-21,0.0075183225496082695
2018-05-22,-0.0027799120608528183
2018-05-23,0.0027511472003776127
2018-05-24,-0.002048310852830415
2018-05-25,-0.002383009054063745
2018-05-29,-0.011500777701925813
2018-05-30,0.013344572376253305
2018-05-31,-0.006125704877086746
2018-06-01,0.009817078835529403
2018-06-04,0.004751831938777151
2018-06-05,0.0007274144305646768
2018-06-06,0.00836097881818243
2018-06-07,-0.00010808822570373966
2018-06-08,0.002955833509911132
2018-06-11,0.0013304024114142443
2018-06-12,0.0012920303725951765
2018-06-13,-0.0031907783037502524
2018-06-14,0.0025178803877927702
2018-06-15,-0.0012757152265742144
2018-06-18,-0.0020571220614229446
2018-06-19,-0.003832580146771236
2018-06-20,0.0017060299890194752
2018-06-21,-0.006268874208662623
2018-06-22,0.001823530372900839
2018-06-25,-0.013613036668877476
2018-06-26,0.0022141818548124803
2018-06-27,-0.008284536409820187
2018-06-28,0.005717712720399115
2018-06-29,0.0014394811912816774
2018-07-02,0.0021378216809844197
2018-07-03,-0.003531155464155944
2018-07-05,0.008158034061004127
2018-07-06,0.008458272028246228
2018-07-09,0.00900424941852851
2018-07-10,0.003598408350510285
2018-07-11,-0.0073145587780112375
2018-07-12,0.009065981265593326
2018-07-13,0.0007875287912839646
2018-07-16,-0.0008939178634832512
2018-07-17,0.004044861743539574
2018-07-18,0.002103966160555526
2018-07-19,-0.0037715842996428606
2018-07-20,-0.0011428741660336472
2018-07-23,0.0018592954605534118
2018-07-24,0.005032117932168179
2018-07-25,0.008522490301053676
2018-07-26,-0.0023590006357013804
2018-07-27,-0.006776106971045581
2018-07-30,-0.0052239068297336155
2018-07-31,0.004929617696684874
2018-08-01,-0.0016704921338804857
2018-08-02,0.0054474956007863895
2018-08-03,0.004284840949333235
2018-08-06,0.0036673122808654757
2018-08-07,0.0033020715190292815
2018-08-08,-0.0004200830474191397
2018-08-09,-0.0013665530599317188
2018-08-10,-0.006699620462855327
2018-08-13,-0.0037435517052554212
2018-08-14,0.006380565438291352
2018-08-15,-0.007467650349938126
2018-08-16,0.008091663150874728
2018-08-17,0.0035205565812663764
2018-08-20,0.0021400375469367017
2018-08-21,0.0023448697166905674
2018-08-22,-0.0005933325384515076
2018-08-23,-0.001327811145362956
2018-08-24,0.006018131039154495
2018-08-27,0.007895210076175552
2018-08-28,0.00048304317437741773
2018-08-29,0.005381292059363441
2018-08-30,-0.004048748646002354
2018-08-31,3.4789001736035274e-05
2018-09-04,-0.0017222925035871306
2018-09-05,-0.0026914283546279893
2018-09-06,-0.003010067725778498
2018-09-07,-0.0019435728127793483
2018-09-10,0.0017385217088401461
2018-09-11,0.003297590148038987
2018-09-12,0.0002422507485446701
2018-09-13,0.005914362717417854
2018-09-14,0.0001720872572468224
2018-09-17,-0.00529456458987243
2018-09-18,0.005426387340724759
2018-09-19,0.0010657706689012336
2018-09-20,0.008103424624539723
2018-09-21,-0.000913545766870083
2018-09-24,-0.0033221377174740274
2018-09-25,-0.0009278046754800373
2018-09-26,-0.002991818436946847
2018-09-27,0.002794122364448981
2018-09-28,0.00010328510371482302
2018-10-01,0.003474034032880935
2018-10-02,-0.0005826860840472126
2018-10-03,0.0005486609413076771
2018-10-04,-0.007815483773681797
2018-10-05,-0.00559715470806621
2018-10-08,0.0
2018-10-09,-0.001459039160987774
2018-10-10,-0.03166360149267844
2018-10-11,-0.02202621690175488
2018-10-12,0.013887989748815555
2018-10-15,-0.005616864358100604
2018-10-16,0.021866151703606063
2018-10-17,0.00017823465458066678
2018-10-18,-0.014441408259217692
2018-10-19,-0.0005425043802262941
2018-10-22,-0.004488462077581801
2018-10-23,-0.0050911269171500795
2018-10-24,-0.030298129860647616
2018-10-25,0.01794045377916187
2018-10-26,-0.017587613140862657
2018-10-29,-0.005540361621381051
2018-10-30,0.014818636146317177
2018-10-31,0.010680791880445462
2018-11-01,0.010642026702282648
2018-11-02,-0.005922898381924613
2018-11-05,0.0055166071487278145
2018-11-06,0.00632763243340384
2018-11-07,0.021409454897302282
2018-11-08,-0.0018150483498011738
2018-11-09,-0.009768219100227737
2018-11-12,-0.018685162656061793
2018-11-13,-0.0018711876628508817
2018-11-14,-0.006836698427016397
2018-11-15,0.010436472698907462
2018-11-16,0.0026008800097527818
2018-11-19,-0.01691448160994813
2018-11-20,-0.0185063023028208
2018-11-21,0.0034075991038480247
2018-11-23,-0.006678764244762214
2018-11-26,0.016144355047943426
2018-11-27,0.0033643497959172652
2018-11-28,0.023025182023009627
2018-11-29,-0.002184588649636443
2018-11-30,0.006094772491153977
2018-12-03,0.013241879052973582
2018-12-04,-0.032402516857543695
2018-12-06,-0.0015172032013692771
2018-12-07,-0.023235975381913354
2018-12-10,0.0018968077974552688
2018-12-11,0.0002272639711304869
2018-12-12,0.005035500790468994
2018-12-13,-0.0003391755371712213
2018-12-14,-0.018464508249067757
2018-12-17,-0.019618474947083575
2018-12-18,-0.0010964707482162828
2018-12-19,-0.014975586835387467
2018-12-20,-0.01627795534137455
2018-12-21,-0.020489630174076012
2018-12-24,-0.02642294311572313
2018-12-26,0.050525039026638074
2018-12-27,0.007677074804607109
2018-12-28,-0.0012901856845634052
2018-12-31,0.008759109112027819
2019-01-02,0.0010403966556611355
2019-01-03,-0.023862732376704998
2019-01-04,0.033495735417425454
2019-01-07,0.007884481326006165
2019-01-08,0.00939539604874251
2019-01-09,0.004673601838750541
2019-01-10,0.003527493122710723
2019-01-11,0.0003861661463206989
2019-01-14,-0.006100861303490301
2019-01-15,0.011460617793750849
2019-01-16,0.00241994294524428
2019-01-17,0.007586997043237842
2019-01-18,0.01331006405106705
2019-01-22,-0.013510990186086702
2019-01-23,0.0020928268508932923
2019-01-24,0.0005310501135564749
2019-01-25,0.008462003051157074
2019-01-28,-0.007600403441523573
2019-01-29,-0.0013269952281846908
2019-01-30,0.015830680942747755
2019-01-31,0.008782365022763416
2019-02-01,0.00048169906882256086
2019-02-04,0.007035559472024611
2019-02-05,0.004191668105534507
2019-02-06,-0.0013183993436546304
2019-02-07,-0.009532786578188679
2019-02-08,0.0012218434878539242
2019-02-11,0.0005543960529472702
2019-02-12,0.012859324204449685
2019-02-13,0.003246978725437888
2019-02-14,-0.002218350880287878
2019-02-15,0.01089790317392847
2019-02-19,0.001729921980401894
2019-02-20,0.002015401522865057
2019-02-21,-0.0035557909786239073
2019-02-22,0.006200063709897119
2019-02-25,0.0013614263788825909
2019-02-26,-0.0007154857165557749
2019-02-27,-0.0004298430654509078
2019-02-28,-0.0018623342530762477
2019-03-01,0.00624388665081721
2019-03-04,-0.0036376000708019385
2019-03-05,-0.0013600373909552488
2019-03-06,-0.006056795895184708
2019-03-07,-0.008365543035778855
2019-03-08,-0.0020001786261416576
2019-03-11,0.014502003659107032
2019-03-12,0.003770362456628762
2019-03-13,0.006619488153944975
2019-03-14,-0.0006403473517586633
2019-03-15,0.004941150334110578
2019-03-18,0.0036258850632526762
2019-03-19,0.0002481184799727476
2019-03-20,-0.0030102385273368393
2019-03-21,0.011294460784541327
2019-03-22,-0.019246063058578566
2019-03-25,-0.0007522613145392043
2019-03-26,0.007454271654779632
2019-03-27,-0.005229231017185865
2019-03-28,0.0037904200954812506
2019-03-29,0.006305853177688059
2019-04-01,0.01185887470184488
2019-04-02,0.0004899230097219487
2019-04-03,0.0015734469426635922
2019-04-04,0.0026537478630030975
2019-04-05,0.004840126225288177
2019-04-08,0.0007622156653679379
2019-04-09,-0.005124689527246429
2019-04-10,0.0034104940369550363
2019-04-11,-0.00027697812273397293
2019-04-12,0.006765630207299811
2019-04-15,-0.0006547978221007611
2019-04-16,0.0006552268632238345
2019-04-17,-0.0024468883934920527
2019-04-18,0.0019692119080645387
2019-04-22,0.0008622816818837364
2019-04-23,0.008991689538066394
2019-04-24,-0.0022193663545545528
2019-04-25,-0.0006162218603251723
2019-04-26,0.0046568439895045
2019-04-29,0.0015676973092859647
2019-04-30,0.0005102672945362929
2019-05-01,-0.007516452781375138
2019-05-02,-0.0021587175958122096
2019-05-03,0.009787559453212413
2019-05-06,-0.004115148853453099
2019-05-07,-0.016699582771408816
2019-05-08,-0.001389216719813624
2019-05-09,-0.0030258708651491606
2019-05-10,0.005023313853976585
2019-05-13,-0.025130378123377928
2019-05-14,0.00904389936918304
2019-05-15,0.005857398599303343
2019-05-16,0.009261001244260436
2019-05-17,-0.0064646643993906405
2019-05-20,-0.006612599193146718
2019-05-21,0.009016353930915821
2019-05-22,-0.0030718504553067794
2019-05-23,-0.012218303608004022
2019-05-24,0.002268096302061595
2019-05-28,-0.009300419208587263
2019-05-29,-0.006710777178629335
2019-05-30,0.0027312269796453403
2019-05-31,-0.01347506231590967
2019-06-03,-0.0025427236928718955
2019-06-04,0.021706409146759587
2019-06-05,0.008661898416302494
2019-06-06,0.00650303735145874
2019-06-07,0.01000651796608687
2019-06-10,0.004589339809512039
2019-06-11,-0.00024259349369892824
2019-06-12,-0.0017649902492312686
2019-06-13,0.004126141814204454
2019-06-14,-0.00110473611479589
2019-06-17,0.0003800812977106105
2019-06-18,0.010470858828738105
2019-06-19,0.0022571606656534016
2019-06-20,0.009554523984415253
2019-06-21,-0.0014533483780528877
2019-06-24,-0.0012248428104980613
2019-06-25,-0.00980811167174378
2019-06-26,-0.0009971640459239817
2019-06-27,0.0035459210330031077
2019-06-28,0.00514569835363865
2019-07-01,0.009078325634535034
2019-07-02,0.0026046697943129526
2019-07-03,0.007994960177420074
2019-07-05,-0.0011376353225530655
2019-07-08,-0.005494999552672075
2019-07-09,0.0012467990208715474
2019-07-10,0.004777633831579697
2019-07-11,0.0023444065947189063
2019-07-12,0.004477063996403574
2019-07-15,0.00033288353022475903
2019-07-16,-0.0032254569697067748
2019-07-17,-0.006805074242913545
2019-07-18,0.0036606126434741704
2019-07-19,-0.005554591629101768
2019-07-22,0.0024561976195527357
2019-07-23,0.0071501672407767725
2019-07-24,0.00469974119767369
2019-07-25,-0.004777102380847942
2019-07-26,0.00670014882084069
2019-07-29,-0.0018213272791044455
2019-07-30,-0.0024545440683272357
2019-07-31,-0.010940560696570456
2019-08-01,-0.008707873883049055
2019-08-02,-0.007529997902124386
2019-08-05,-0.030072798782547983
2019-08-06,0.014022745071138987
2019-08-07,0.0005910869305312261
2019-08-08,0.019619817473419454
2019-08-09,-0.0068114321919398035
2019-08-12,-0.012173380087396102
2019-08-13,0.015551557396784155
2019-08-14,-0.02956759139284293
2019-08-15,0.002641962788696439
2019-08-16,0.014755223099381709
2019-08-19,0.012047895298453959
2019-08-20,-0.0076632144547292835
2019-08-21,0.008135439104333786
2019-08-22,-0.00030742929472948877
2019-08-23,-0.02568748919042152
2019-08-26,0.011058497930477085
2019-08-27,-0.003923719319279928
2019-08-28,0.007041454482215714
2019-08-29,0.012772795174768703
2019-08-30,-0.0004443036597174821
2019-09-03,-0.005846819771078482
2019-09-04,0.011350405792643237
2019-09-05,0.012854963899404659
2019-09-06,0.000772533182496149
2019-09-09,0.0005035110254738573
2019-09-10,-0.00023519359946977403
2019-09-11,0.007111093273762581
2019-09-12,0.0034637421541214852
2019-09-13,-0.0006636798828261181
2019-09-16,-0.0030885651356866717
2019-09-17,0.002532175246300783
2019-09-18,0.0005981133987060794
2019-09-19,-6.679150129218492e-05
2019-09-20,-0.004724663673908225
2019-09-23,-0.0002348392749624839
2019-09-24,-0.007846850631958557
2019-09-25,0.005914824929028395
2019-09-26,-0.0020831967370636972
2019-09-27,-0.00538708630847462
2019-09-30,0.004637793667612078
2019-10-01,-0.011894897456079967
2019-10-02,-0.017664859419665446
2019-10-03,0.008193069014938548
2019-10-04,0.013531828416967207
2019-10-07,-0.004314521742688648
2019-10-08,-0.01552448324713851
2019-10-09,0.00949609158002418
2019-10-10,0.006763555439635249
2019-10-11,0.010367107683888044
2019-10-14,-0.0011142158705810257
2019-10-15,0.009900662556567408
2019-10-16,-0.0016061289556751346
2019-10-17,0.0029491939692889435
2019-10-18,-0.004377113461400128
2019-10-21,0.006779034066119793
2019-10-22,-0.0032666544196565672
2019-10-23,0.0029095336228464053
2019-10-24,0.0016342067315271436
2019-10-25,0.00409464457989972
2019-10-28,0.0056367943339785676
2019-10-29,-0.0002965109217074602
2019-10-30,0.0030670741747937935
2019-10-31,-0.0026635506730061653
2019-11-01,0.009264025617434335
2019-11-04,0.004017690675183649
2019-11-05,-0.001106195780015251
2019-11-06,0.000228256237405855
2019-11-07,0.0035168417509952032
2019-11-08,0.0024656401554035146
2019-11-11,-0.0019095063445836447
2019-11-12,0.002107814297610533
2019-11-13,0.00032392368597489174
2019-11-14,0.0014557151404714919
2019-11-15,0.00723636723691512
2019-11-18,0.0007375482751512674
2019-11-19,-0.00028844002469263774
2019-11-20,-0.003718660173545385
2019-11-21,-0.0016090943331147356
2019-11-22,0.0022241355192631485
2019-11-25,0.007750266404588091
2019-11-26,0.002265369701356601
2019-11-27,0.004457511756778221
2019-11-29,-0.0037084889246032926
2019-12-02,-0.008494565081842986
2019-12-03,-0.006706767138082603
2019-12-04,0.006170133700903024
2019-12-05,0.001798024927139208
2019-12-06,0.009133898172584143
2019-12-09,-0.003144015327715799
2019-12-10,-0.0011153023230338066
2019-12-11,0.0028387458439318447
2019-12-12,0.008619466477367776
2019-12-13,0.0005990933501380802
2019-12-16,0.006869809512893843
2019-12-17,0.00021945273710421986
2019-12-18,6.211550240808883e-05
2019-12-19,0.004098736880757459
2019-12-20,0.004384481458190592
2019-12-23,0.0015279061297563956
2019-12-24,3.1059739552530274e-05
2019-12-26,0.005323453168787129
2019-12-27,-0.0002479838611439966
2019-12-30,-0.005513202453450772
2019-12-31,0.002429242840970236
2020-01-02,0.009352133784808148
2020-01-03,-0.007572369990627048
2020-01-06,0.0038147626204354523
2020-01-07,-0.0028114061344453045
2020-01-08,0.005329313214480935
2020-01-09,0.006780905939682613
2020-01-10,-0.0028778464959261507
2020-01-13,0.006877302957499332
2020-01-14,-0.0015242823974325193
2020-01-15,0.0022593941535491435
2020-01-16,0.008318408715405567
2020-01-17,0.0031127651192244254
2020-01-21,-0.001958062129692628
2020-01-22,0.00012066101621432956
2020-01-23,0.0011469497109386495
2020-01-24,-0.008893185289193584
2020-01-27,-0.016029557057581467
2020-01-28,0.010479364943674518
2020-01-29,-0.0008263201611672377
2020-01-30,0.003245486588253632
2020-01-31,-0.01815780020033997
2020-02-03,0.007428472658777219
2020-02-04,0.015241247007550474
2020-02-05,0.011548256752779151
2020-02-06,0.003364686243912951
2020-02-07,-0.005329737604127249
2020-02-10,0.007465252004787981
2020-02-11,0.0017332163317276272
2020-02-12,0.006442728363044159
2020-02-13,-0.0010668480731743646
2020-02-14,0.0016018818511067678
2020-02-18,-0.002577238564446027
2020-02-19,0.00478162294598361
2020-02-20,-0.004108249103358386
2020-02-21,-0.010298037170785146
2020-02-24,-0.033165753168030165
2020-02-25,-0.03030189750946366
2020-02-26,-0.0036782374786367145
2020-02-27,-0.0449117490359886
2020-02-28,-0.0042014452026214455
2020-03-02,0.043306207906457894
2020-03-03,-0.02863268994449264
2020-03-04,0.04203310412349115
2020-03-05,-0.033241274098666285
2020-03-06,-0.016531626138273303
2020-03-09,-0.07809398822474067
2020-03-10,0.05174470747120652
2020-03-11,-0.04874812544712703
2020-03-12,-0.09567737079121019
2020-03-13,0.08548614502877627
2020-03-16,-0.10942378691606114
2020-03-17,0.05399219067451022
2020-03-18,-0.0506327873381347
2020-03-19,0.0021247179144368022
2020-03-20,-0.043094016018459524
2020-03-23,-0.025568154955305622
2020-03-24,0.09060312810056415
2020-03-25,0.014970216030286032
2020-03-26,0.05838980443200592
2020-03-27,-0.02978577133247251
2020-03-30,0.03247572032275747
2020-03-31,-0.014905310217118717
2020-04-01,-0.04500486123369829
2020-04-02,0.02307540966316246
2020-04-03,-0.014454226289862704
2020-04-06,0.06716614618365457
2020-04-07,0.0010194742516305144
2020-04-08,0.03356840321352483
2020-04-09,0.015217648354535429
2020-04-13,-0.009130355871456053
2020-04-14,0.029493133462428434
2020-04-15,-0.021248552269308663
2020-04-16,0.004824445567125357
2020-04-17,0.027015700987118585
2020-04-20,-0.01761806133163868
2020-04-21,-0.03036349361999091
2020-04-22,0.02219461678541257
2020-04-23,-7.1851378672938e-05
2020-04-24,0.013938976443219175
2020-04-27,0.014418282032036878
2020-04-28,-0.004598446977673087
2020-04-29,0.026178517286504333
2020-04-30,-0.00931039951124324
2020-05-01,-0.026473682322916248
2020-05-04,0.002758400551397644
2020-05-05,0.009239448879674095
2020-05-06,-0.006779066896430819
2020-05-07,0.012067200212831475
2020-05-08,0.016545825264802305
2020-05-11,0.00020532303379572348
2020-05-12,-0.01993147669441786
2020-05-13,-0.017685882016096555
2020-05-14,0.011967410348139973
2020-05-15,0.004596619350278219
2020-05-18,0.0304600049156607
2020-05-19,-0.010271157705946443
2020-05-20,0.016987958441123663
2020-05-21,-0.006903891198530743
2020-05-22,0.0018989857853735082
2020-05-26,0.012320462715841973
2020-05-27,0.01487883458625694
2020-05-28,-0.0018449787956285046
2020-05-29,0.004456018283286678
2020-06-01,0.004041853720660127
2020-06-02,0.008279923054776317
2020-06-03,0.01330816492180742
2020-06-04,-0.002626335557681325
2020-06-05,0.02562932975719412
2020-06-08,0.012087534461699079
2020-06-09,-0.007456706623129472
2020-06-10,-0.005579943041604807
2020-06-11,-0.05764903304242541
2020-06-12,0.011975485674381448
2020-06-15,0.00933600663036005
2020-06-16,0.019247479486410146
2020-06-17,-0.004153716436107846
2020-06-18,0.0003848943697770668
2020-06-19,-0.005714720666085027
2020-06-22,0.006415186433806452
2020-06-23,0.004603437589014936
2020-06-24,-0.025508517954501486
2020-06-25,0.010720570874540147
2020-06-26,-0.02375146809839568
2020-06-29,0.01469761213916132
2020-06-30,0.012809409436233432
2020-07-01,0.0070047704355507
2020-07-02,0.005507015647445934
2020-07-06,0.015437039257211849
2020-07-07,-0.01031370702073342
2020-07-08,0.00764902702416137
2020-07-09,-0.005693196452065341
2020-07-10,0.010210613738343977
2020-07-13,-0.008659336210422586
2020-07-14,0.012959685061349147
2020-07-15,0.009186921972780704
2020-07-16,-0.00329355152511579
2020-07-17,0.002899179820840647
2020-07-20,0.008081464391259896
2020-07-21,0.0021275493527179723
2020-07-22,0.00569207627214996
2020-07-23,-0.011931571922528472
2020-07-24,-0.006440512679913302
2020-07-27,0.007292441216808054
2020-07-28,-0.006342341684700048
2020-07-29,0.012298654366498907
2020-07-30,-0.003567836389158807
2020-07-31,0.007902324717389053
2020-08-03,0.006952131568539244
2020-08-04,0.00386232734627745
2020-08-05,0.006210906983583175
2020-08-06,0.006684747034500393
2020-08-07,0.0007180158340134302
2020-08-10,0.0029886616275220934
2020-08-11,-0.00825442025799672
2020-08-12,0.013942303623162733
2020-08-13,-0.0018076624382141748
2020-08-14,2.96132849328945e-05
2020-08-17,0.003176299684652495
2020-08-18,0.0021605492782936775
2020-08-19,-0.0041637248354164935
2020-08-20,0.0031135685554044557
2020-08-21,0.003547179296933489
2020-08-24,0.010133419286646683
2020-08-25,0.0034992792418264695
2020-08-26,0.010025575043657087
2020-08-27,0.002186404837091871
2020-08-28,0.006459378371047819
2020-08-31,-0.0036223637147329013
2020-09-01,0.00941868851009553
2020-09-02,0.014464053442403646
2020-09-03,-0.03441459584417139
2020-09-04,-0.008164322656441514
2020-09-08,-0.02732285949958646
2020-09-09,0.019747255104588968
2020-09-10,-0.01736381474748583
2020-09-11,0.0005091489500861357
2020-09-14,0.013171418404968493
2020-09-15,0.005052114618381731
2020-09-16,-0.00396857521252747
2020-09-17,-0.008795131101490772
2020-09-18,-0.011512675240826331
2020-09-21,-0.011129581554126577
2020-09-22,0.01018441472624576
2020-09-23,-0.023191195381966345
2020-09-24,0.0026656439345424943
2020-09-25,0.01616672521403295
2020-09-28,0.016609445688466007
2020-09-29,-0.005446191024288449
2020-09-30,0.007582089819030191
2020-10-01,0.006420095826385808
2020-10-02,-0.009494383045782318
2020-10-05,0.017733036530391377
2020-10-06,-0.014215915090760811
2020-10-07,0.0174066879074104
2020-10-08,0.008862262549819144
2020-10-09,0.008930347609088285
2020-10-12,0.016087645355628455
2020-10-13,-0.006526135541403133
2020-10-14,-0.006283560762360585
2020-10-15,-0.0012357060419820876
2020-10-16,-0.0006042751756311082
2020-10-19,-0.015203544892897325
2020-10-20,0.004005700453281857
2020-10-21,-0.0018930185927991117
2020-10-22,0.005485469860925685
2020-10-23,0.0033952522211992964
2020-10-26,-0.01848006983444861
2020-10-27,-0.0034474730330955605
2020-10-28,-0.03417875498126066
2020-10-29,0.01016336395565487
2020-10-30,-0.010424899970052581
2020-11-02,0.011208614976444098
2020-11-03,0.017655732262926715
2020-11-04,0.022349413661239437
2020-11-05,0.01950253541895597
2020-11-06,-0.0002282466435868935
2020-11-09,0.012565668882352332
2020-11-10,-0.0014664574732917712
2020-11-11,0.007428545165082845
2020-11-12,-0.009700963609310054
2020-11-13,0.013844562812058703
2020-11-16,0.012482363190526868
2020-11-17,-0.005377930330695002
2020-11-18,-0.012035161849194065
2020-11-19,0.0042102678953988
2020-11-20,-0.006848022264674958
2020-11-23,0.005994775367071714
2020-11-24,0.01611391903179271
2020-11-25,-0.001542174253968298
2020-11-27,0.002785134035371728
2020-11-30,-0.00442712001498613
2020-12-01,0.010937563386297144
2020-12-02,0.002103716117266341
2020-12-03,-0.00027283968248015267
2020-12-04,0.008617678157714304
2020-12-07,-0.002054980156550479
2020-12-08,0.002926285994623301
2020-12-09,-0.00896875540841735
2020-12-10,-0.00032731807642416566
2020-12-11,-0.001172628797239672
2020-12-14,-0.00447724182872733
2020-12-15,0.013519467758414505
2020-12-16,0.0015695352800273454
2020-12-17,0.005591896751868886
2020-12-18,-0.003992952215892576
2020-12-21,-0.0035754095647592132
2020-12-22,-0.0016856557193600796
2020-12-23,0.0008989771617737841
2020-12-24,0.0038904295522428356
2020-12-28,0.008590528587963497
2020-12-29,-0.001907749456146135
2020-12-30,0.0014268889511972471
2020-12-31,0.005080781294921621
2021-01-04,-0.013614022836459405
2021-01-05,0.0068871924030118326
2021-01-06,0.005978622891643193
2021-01-07,0.0148577284735385
2021-01-08,0.005697517883473502
2021-01-11,-0.006740893475056131
2021-01-12,0.0002114180684684719
2021-01-13,0.002692928102680847
2021-01-14,-0.0035020918311494675
2021-01-15,-0.007292624459019237
2021-01-19,0.007851917818045617
2021-01-20,0.01383867010584261
2021-01-21,0.0009118685197062604
2021-01-22,-0.0035393702009817174
2021-01-25,0.003943712121290188
2021-01-26,-0.0015611817989749088
2021-01-27,-0.02444035333989647
2021-01-28,0.008600356970774659
2021-01-29,-0.020019679817412483
2021-02-01,0.016645501623945957
2021-02-02,0.014140308155270231
2021-02-03,0.0007860996630693062
2021-02-04,0.011365822366549594
2021-02-05,0.003935868357764605
2021-02-08,0.007221971067865818
2021-02-09,-0.0006658061935882476
2021-02-10,-0.0004356604913707818
2021-02-11,0.0016149970948924341
2021-02-12,0.004939804440137641
2021-02-16,-0.0008658498570811579
2021-02-17,0.00022930053701730735
2021-02-18,-0.004255870888079216
2021-02-19,-0.00176594893132076
2021-02-22,-0.00769185265780592
2021-02-23,0.0012146789673292968
2021-02-24,0.011019184911607027
2021-02-25,-0.02409587309715444
2021-02-26,-0.005152520681130923
2021-03-01,0.02424011112754787
2021-03-02,-0.007803323547507679
2021-03-03,-0.013245680102154211
2021-03-04,-0.01237464842447722
2021-03-05,0.018396481902078987
2021-03-08,-0.004978624120175801
2021-03-09,0.014277548306673715
2021-03-10,0.006224420031758271
2021-03-11,0.010139250396020927
2021-03-12,0.001346531676650331
2021-03-15,0.0059635451592046085
2021-03-16,-0.001261135776675082
2021-03-17,0.003409889259953003
2021-03-18,-0.014549588139203262
2021-03-19,-0.001850335868702091
2021-03-22,0.007984987523667275
2021-03-23,-0.007870915878152362
2021-03-24,-0.00508346565830553
2021-03-25,0.00562543841748564
2021-03-26,0.016114964125828912
2021-03-29,-0.0005050576915694993
2021-03-30,-0.0026529548223777066
2021-03-31,0.004053588297873834
2021-04-01,0.010799017887880291
2021-04-05,0.014353017638468968
2021-04-06,-0.0005905072235358189
2021-04-07,0.0011573520449872365
2021-04-08,0.004746603040233444
2021-04-09,0.00727010231966152
2021-04-12,0.00036477441464932703
2021-04-13,0.0029636862683306564
2021-04-14,-0.0034151362718004563
2021-04-15,0.010742461964479144
2021-04-16,0.0033422883765481526
2021-04-19,-0.004912962494087236
2021-04-20,-0.007321487363810886
2021-04-21,0.009461809136247501
2021-04-22,-0.009132983812215723
2021-04-23,0.01084251178724771
2021-04-26,0.002087733381378243
2021-04-27,-0.00021564148320862842
2021-04-28,-0.0002874009180823256
2021-04-29,0.00637282651886939
2021-04-30,-0.00657048433809182
2021-05-03,0.0021566823908567567
2021-05-04,-0.006169424769818632
2021-05-05,0.0003126758407507868
2021-05-06,0.007985594459417156
2021-05-07,0.007278049962575972
2021-05-10,-0.009902310161357453
2021-05-11,-0.0089246173523575
2021-05-12,-0.02124535785953119
2021-05-13,0.012012760603736794
2021-05-14,0.01535508499307947
2021-05-17,-0.002544554874326921
2021-05-18,-0.00861551623877499
2021-05-19,-0.0026217249611071303
2021-05-20,0.010757809047215128
2021-05-21,-0.0008186555007252405
2021-05-24,0.010194288006044383
2021-05-25,-0.0022188042152825327
2021-05-26,0.00198437563639442
2021-05-27,0.000525070206740974
2021-05-28,0.001788692687064275
2021-06-01,-0.0008807390565072071
2021-06-02,0.0015725679700859807
2021-06-03,-0.003711156984247288
2021-06-04,0.009145752142560193
2021-06-07,-0.0009701298454652951
2021-06-08,0.0002132245794865817
2021-06-09,-0.001491943566800158
2021-06-10,0.0046482354279306914
2021-06-11,0.0016525966531244496
2021-06-14,0.002239021164582855
2021-06-15,-0.001834297574647592
2021-06-16,-0.005583465120880815
2021-06-17,-0.0003314610556541808
2021-06-18,-0.013490536214908255
2021-06-21,0.014316066843619746
2021-06-22,0.005346082976123601
2021-06-23,-0.0012052639893157524
2021-06-24,0.005915918043592594
2021-06-25,0.0035517799762903035
2021-06-28,0.0020160964726003705
2021-06-29,0.0005381277036238252
2021-06-30,0.000841455429315241
2021-07-01,0.0055367930216849714
2021-07-02,0.007643407191484375
2021-07-06,-0.001821412307474346
2021-07-07,0.0035340776632761806
2021-07-08,-0.008147822864423504
2021-07-09,0.010674567242666244
2021-07-12,0.003581960599557954
2021-07-13,-0.003408859239012574
2021-07-14,0.0014919374062432045
2021-07-15,-0.0034154237094670137
2021-07-16,-0.007843544296039728
2021-07-19,-0.014767971137476188
2021-07-20,0.014330330518607548
2021-07-21,0.008096498365012916
2021-07-22,0.0020940720681188463
2021-07-23,0.01028801724364814
2021-07-26,0.002454801591913691
2021-07-27,-0.004557674434755188
2021-07-28,-0.0004098144232363987
2021-07-29,0.004147221643501231
2021-07-30,-0.004856344083886133
2021-08-02,-0.002097946514314941
2021-08-03,0.008135208091198498
2021-08-04,-0.004918786654882434
2021-08-05,0.006332696949530536
2021-08-06,0.0016525576911379236
2021-08-09,-0.0008134779362188871
2021-08-10,0.001243956629899623
2021-08-11,0.002484896008551507
2021-08-12,0.0029970132139933714
2021-08-13,0.0018197715349350663
2021-08-16,0.0023545886287048567
2021-08-17,-0.0065553871627612725
2021-08-18,-0.01094494232657639
2021-08-19,0.001548513804433993
2021-08-20,0.007956933724411197
2021-08-23,0.008796440623455082
2021-08-24,0.0015876302237136652
2021-08-25,0.0020983968755177163
2021-08-26,-0.005903198284007316
2021-08-27,0.008940780708430074
2021-08-30,0.004397670491406824
2021-08-31,-0.0014816620405492253
2021-09-01,0.0005315461927453136
2021-09-02,0.003076646890683099
2021-09-03,-0.00024280609490845428
2021-09-07,-0.003575377316460626
2021-09-08,-0.0012185379193986323
2021-09-09,-0.004279934231059435
2021-09-10,-0.007884685116578694
2021-09-13,0.002559148795678201
2021-09-14,-0.005396379367677673
2021-09-15,0.008352629120536914
2021-09-16,-0.001585213538703445
2021-09-17,-0.009741132177974232
2021-09-20,-0.016673972826982575
2021-09-21,-0.0009446972660694941
2021-09-22,0.009754714648644969
2021-09-23,0.012149988716147364
2021-09-24,0.001647143013258301
2021-09-27,-0.0028606764910403815
2021-09-28,-0.02015196493809135
2021-09-29,0.00168306923749717
2021-09-30,-0.01222235432608565
2021-10-01,0.011884318303203356
2021-10-04,-0.012896173421662382
2021-10-05,0.010405118585442796
2021-10-06,0.00415620601104405
2021-10-07,0.008645469301099995
2021-10-08,-0.0018237895765306211
2021-10-11,-0.00723980312873429
2021-10-12,-0.002461316184187212
2021-10-13,0.003597575365259509
2021-10-14,0.016820596188044545
2021-10-15,0.007615951056433534
2021-10-18,0.0029605177913205605
2021-10-19,0.007714612259490217
2021-10-20,0.003927628213804546
2021-10-21,0.002608366716101207
2021-10-22,-0.001036298281116843
2021-10-25,0.005362994461883153
2021-10-26,0.0009000910379426408
2021-10-27,-0.00443030746036821
2021-10-28,0.009648885314696543
2021-10-29,0.0020291208274592076
2021-11-01,0.0017202643139024865
2021-11-02,0.004042856271623707
2021-11-03,0.006105363247762341
2021-11-04,0.0047125314493852155
2021-11-05,0.0034698262235797195
2021-11-08,0.0008535505989060166
2021-11-09,-0.0033055120788203496
2021-11-10,-0.008044735360999478
2021-11-11,0.0003235679101227795
2021-11-12,0.0075468207612172655
2021-11-15,0.000342354877752582
2021-11-16,0.003957911237255196
2021-11-17,-0.0024290126565000847
2021-11-18,0.0033961191619489295
2021-11-19,-0.0017882447436877724
2021-11-22,-0.002814964451815616
2021-11-23,0.0013259390374329438
2021-11-24,0.00266977811727398
2021-11-26,-0.022303149387927212
2021-11-29,0.01226662044916127
2021-11-30,-0.019457678688921454
2021-12-01,-0.0111072141521672
2021-12-02,0.01531629652187072
2021-12-03,-0.008701362771371457
2021-12-06,0.011843583327130203
2021-12-07,0.020684438203391053
2021-12-08,0.0026479972826367604
2021-12-09,-0.006751550631430625
2021-12-10,0.009413686874397253
2021-12-13,-0.008858359928095472
2021-12-14,-0.006880111548410839
2021-12-15,0.015625039511626415
2021-12-16,-0.00881832251301784
2021-12-17,-0.010643030126387343
2021-12-20,-0.01063346369057483
2021-12-21,0.017759175247149317
2021-12-22,0.009998539617856128
2021-12-23,0.006221985203020752
2021-12-27,0.014152260355331459
2021-12-28,-0.0008172669630465146
2021-12-29,0.0012792058585560095
2021-12-30,-0.0027644942696757324
2021-12-31,-0.002520131146540483
2022-01-03,0.0057898178528466016
2022-01-04,-0.0003348548453129263
2022-01-05,-0.01920219442783877
2022-01-06,-0.0009393323559383493
2022-01-07,-0.003953479812882854
2022-01-10,-0.001244493582131856
2022-01-11,0.009108302177581518
2022-01-12,0.00270358759590672
2022-01-13,-0.013778614639829656
2022-01-14,0.0004090793410742588
2022-01-18,-0.01770954248190848
2022-01-19,-0.010383731107788674
2022-01-20,-0.011068056702395412
2022-01-21,-0.019630598079265704
2022-01-24,0.004246873938957174
2022-01-25,-0.012209128950877668
2022-01-26,-0.0025089592891512913
2022-01-27,-0.004937664576034173
2022-01-28,0.024835349076203883
2022-01-31,0.01801115922179153
2022-02-01,0.0067566617739514
2022-02-02,0.009714315461338607
2022-02-03,-0.023505015554534214
2022-02-04,0.004702246719364478
2022-02-07,-0.0032091167946188826
2022-02-08,0.00822773703148827
2022-02-09,0.014635988319403825
2022-02-10,-0.01796554733183575
2022-02-11,-0.019718767567823536
2022-02-14,-0.0032692995482640486
2022-02-15,0.01612669319418525
2022-02-16,0.00112096913154347
2022-02-17,-0.021361423449997252
2022-02-18,-0.00647496001988801
2022-02-22,-0.010731691504091256
2022-02-23,-0.01773865853490031
2022-02-24,0.015049065000489303
2022-02-25,0.022064069282164978
2022-02-28,-0.002558768886526175
2022-03-01,-0.015230062864957317
2022-03-02,0.018396247763472706
2022-03-03,-0.004978652758801827
2022-03-04,-0.008124417282494023
2022-03-07,-0.029479350465598353
2022-03-08,-0.007581805584338852
2022-03-09,0.02681116389780036
2022-03-10,-0.004515810268431508
2022-03-11,-0.012715104127678845
2022-03-14,-0.007308202253124896
2022-03-15,0.021990503353086943
2022-03-16,0.022174267429444727
2022-03-17,0.012511007141435604
2022-03-18,0.010952571896543972
2022-03-21,-0.00029233270735296024
2022-03-22,0.01170138420250555
2022-03-23,-0.012878538183721533
2022-03-24,0.015074496758468392
2022-03-25,0.0048834846778156304
2022-03-28,0.007113137230001287
2022-03-29,0.012370727068772958
2022-03-30,-0.006174826094832997
2022-03-31,-0.01539115460445395
2022-04-01,0.002834143337436368
2022-04-04,0.008566351818946938
2022-04-05,-0.01263131355100211
2022-04-06,-0.009999159101989785
2022-04-07,0.005038924637421172
2022-04-08,-0.002673875775443424
2022-04-11,-0.01709238146137737
2022-04-12,-0.0037051200421115427
2022-04-13,0.011453553857235566
2022-04-14,-0.012451886724539563
2022-04-18,0.00041122933790460614
2022-04-19,0.01614245897037958
2022-04-20,-0.0007414207161158259
2022-04-21,-0.014953420518238114
2022-04-22,-0.027439205765589336
2022-04-25,0.005797447256245647
2022-04-26,-0.028960801649211443
2022-04-27,0.00281193699775395
2022-04-28,0.025259483503305535
2022-04-29,-0.03695566671342476
2022-05-02,0.006019260472021282
2022-05-03,0.004584224526135605
2022-05-04,0.03045288970639004
2022-05-05,-0.03554279383304659
2022-05-06,-0.005968944797261955
2022-05-09,-0.032017355966309946
2022-05-10,0.0023108474298247916
2022-05-11,-0.01588626804840676
2022-05-12,-0.0010440521341118503
2022-05-13,0.023907838830362405
2022-05-16,-0.004057524578399585
2022-05-17,0.020570455002427712
2022-05-18,-0.0403118387697492
2022-05-19,-0.00612449175382257
2022-05-20,0.0004365243166792876
2022-05-23,0.018710323950910768
2022-05-24,-0.007633998820287591
2022-05-25,0.008834969236569679
2022-05-26,0.019981304803630362
2022-05-27,0.024549047438149785
2022-05-31,-0.005610879317547113
2022-06-01,-0.008088231609305607
2022-06-02,0.019043113410462054
2022-06-03,-0.01641146670042104
2022-06-06,0.003044788076528082
2022-06-07,0.009592276617497841
2022-06-08,-0.010872277128234908
2022-06-09,-0.02378280718315895
2022-06-10,-0.028995630036379838
2022-06-13,-0.03796812850789466
2022-06-14,-0.0030134680033071515
2022-06-15,0.014256355820984945
2022-06-16,-0.0330960657765389
2022-06-17,0.002155880181493597
2022-06-21,0.02517376823621631
2022-06-22,-0.0018131005203425588
2022-06-23,0.00980266204927882
2022-06-24,0.03179361261379254
2022-06-27,-0.0038198523212723545
2022-06-28,-0.02043263076842272
2022-06-29,-0.0008143930631878682
2022-06-30,-0.00812449741406307
2022-07-01,0.010576793590806766
2022-07-05,0.0018885553075462802
2022-07-06,0.0033771288799431254
2022-07-07,0.014977293474191189
2022-07-08,-0.0008225063833630086
2022-07-11,-0.011423596307784445
2022-07-12,-0.008849048114201175
2022-07-13,-0.0052517013312656236
2022-07-14,-0.0024284872706679117
2022-07-15,0.019105126584327392
2022-07-18,-0.008256842695167688
2022-07-19,0.02701916990267117
2022-07-20,0.00637295217688294
2022-07-21,0.010183399045221808
2022-07-22,-0.009278045406371671
2022-07-25,0.0012148737575126134
2022-07-26,-0.011831073675958703
2022-07-27,0.025966351381424335
2022-07-28,0.012542395277273188
2022-07-29,0.014578720077760288
2022-08-01,-0.002961242535648778
2022-08-02,-0.006597253191409025
2022-08-03,0.015659582310677544
2022-08-04,-0.0006758117722837076
2022-08-05,-0.0016901278824306143
2022-08-08,-0.0011607912316814462
2022-08-09,-0.003971139508589627
2022-08-10,0.021004117205184247
2022-08-11,0.0
2022-08-12,0.016928997509176646
2022-08-15,0.004120656401433553
2022-08-16,0.0019587870249071493
2022-08-17,-0.0070980255474375475
2022-08-18,0.0029065024975940545
2022-08-19,-0.013438094957200719
2022-08-22,-0.02082263724322897
2022-08-23,-0.0024191470582829444
2022-08-24,0.0032013145353404493
2022-08-25,0.014117400029994176
2022-08-26,-0.03384915601582006
2022-08-29,-0.006612096332325179
2022-08-30,-0.01097778320439391
2022-08-31,-0.007608961394353964
2022-09-01,0.003137634316272564
2022-09-02,-0.010544394559181103
2022-09-06,-0.0037732085856890807
2022-09-07,0.017965144391883126
2022-09-08,0.006536382010053465
2022-09-09,0.015534995613270874
2022-09-12,0.010747632619696024
2022-09-13,-0.04348221860652035
2022-09-14,0.0038157298386944927
2022-09-15,-0.011353336917183432
2022-09-16,-0.007629099990336452
2022-09-19,0.007755108965031399
2022-09-20,-0.011478574353853133
2022-09-21,-0.017443629006757222
2022-09-22,-0.008399867328483634
2022-09-23,-0.016755009658525388
2022-09-26,-0.009892473830378279
2022-09-27,-0.002552877802724396
2022-09-28,0.019676155498442593
2022-09-29,-0.020888917309733968
2022-09-30,-0.01546337222574412
2022-10-03,0.026401397762244594
2022-10-04,0.03098649788188168
2022-10-05,-0.0023282836714252353
2022-10-06,-0.010315902513930553
2022-10-07,-0.027893924425624994
2022-10-10,-0.007635310141058893
2022-10-11,-0.006332808694032854
2022-10-12,-0.0032986608718502675
2022-10-13,0.026391108587700884
2022-10-14,-0.022788810680551497
2022-10-17,0.0256972196384746
2022-10-18,0.011749574219533487
2022-10-19,-0.007086369895446087
2022-10-20,-0.00838534038483607
2022-10-21,0.024301339878574524
2022-10-24,0.012236528220271659
2022-10-25,0.015968746292286617
2022-10-26,-0.007534269510460323
2022-10-27,-0.005339985213381637
2022-10-28,0.02379075135163511
2022-10-31,-0.0072232678881191115
2022-11-01,-0.004375821364143162
2022-11-02,-0.025096389075412784
2022-11-03,-0.010296852715465765
2022-11-04,0.014393200636463765
2022-11-07,0.00956543993151815
2022-11-08,0.005395491155683052
2022-11-09,-0.020602049503437248
2022-11-10,0.054954148457769136
2022-11-11,0.009678641545827205
2022-11-14,-0.008506785990594956
2022-11-15,0.008528974624218977
2022-11-16,-0.0076289112693315175
2022-11-17,-0.003059667282162226
2022-11-18,0.004540435526897202
2022-11-21,-0.0036361543180880584
2022-11-22,0.013456870807068588
2022-11-23,0.006301871679941895
2022-11-25,-0.00022372567789952225
2022-11-28,-0.015957011468586524
2022-11-29,-0.001717599969679462
2022-11-30,0.0315006244506395
2022-12-01,-0.0007358944904883868
2022-12-02,-0.0011535693870372565
2022-12-05,-0.01798934436382471
2022-12-06,-0.014414796523964601
2022-12-07,-0.001701433750408099
2022-12-08,0.007834030091163457
2022-12-09,-0.007470100743352637
2022-12-12,0.014417232131443525
2022-12-13,0.007569804300587624
2022-12-14,-0.00639369012545854
2022-12-15,-0.02446156303860758
2022-12-16,-0.011806034722179337
2022-12-19,-0.008479931143288932
2022-12-20,0.0013685373145408963
2022-12-21,0.014952569652629144
2022-12-22,-0.014266141660710052
2022-12-23,0.005752208791338642
2022-12-27,-0.003943595901320873
2022-12-28,-0.012427832272380979
2022-12-29,0.018000442143475626
2022-12-30,-0.0026341695582158264
2023-01-03,-0.004209846018981556
2023-01-04,0.007720117982470853
2023-01-05,-0.011413368099189136
2023-01-06,0.022932115671277398
2023-01-09,-0.000567050399554625
2023-01-10,0.0070130321962904585
2023-01-11,0.012647837706034615
2023-01-12,0.0036409044968639392
2023-01-13,0.0038795125604564884
2023-01-17,-0.0018320670112847992
2023-01-18,-0.015788064885065567
2023-01-19,-0.00727980952621643
2023-01-20,0.018629035377387693
2023-01-23,0.011998577210668548
2023-01-24,-0.0010732410541470783
2023-01-25,0.00037482574590330664
2023-01-26,0.01099031717509602
2023-01-27,0.0022977953859733002
2023-01-30,-0.012546750373558457
2023-01-31,0.014703242615294654
2023-02-01,0.010627809031882762
2023-02-02,0.014556980415781462
2023-02-03,-0.01062920061638839
2023-02-06,-0.006111063552924678
2023-02-07,0.01307845280530362
2023-02-08,-0.010934648931944735
2023-02-09,-0.008669433938332083
2023-02-10,0.002333822917658157
2023-02-13,0.011738856264224884
2023-02-14,-0.00046007366899669666
2023-02-15,0.003247444839613145
2023-02-16,-0.013768876841426803
2023-02-17,-0.00249829487602915
2023-02-21,-0.020060866592698012
2023-02-22,-0.0013780769013614913
2023-02-23,0.005319388331204378
2023-02-24,-0.010682296531649094
2023-02-27,0.0034058611021579033
2023-02-28,-0.0036961035717874013
2023-03-01,-0.0038360264799957022
2023-03-02,0.007777275140007589
2023-03-03,0.016037836135675665
2023-03-06,0.0006928994585118087
2023-03-07,-0.015328711941576367
2023-03-08,0.0016319020666433204
2023-03-09,-0.018449716274527628
2023-03-10,-0.014429451153161188
2023-03-13,-0.001425390543362881
2023-03-14,0.01653005568573218
2023-03-15,-0.006254229037113701
2023-03-16,0.017545280762206295
2023-03-17,-0.01169268066133522
2023-03-20,0.00961552415176592
2023-03-21,0.013130421532518533
2023-03-22,-0.017046346685378966
2023-03-23,0.0027034103432284073
2023-03-24,0.006561991267768352
2023-03-27,0.0018696790630652327
2023-03-28,-0.002244527970715726
2023-03-29,0.014534808490172857
2023-03-30,0.005855336826640745
2023-03-31,0.014094638003109061
2023-04-03,0.0038104826950544624
2023-04-04,-0.005548032308860806
2023-04-05,-0.002618292696399571
2023-04-06,0.003900931062672086
2023-04-10,0.0010263587481640357
2023-04-11,0.0002684938218477928
2023-04-12,-0.0040759133032660655
2023-04-13,0.013282698737322018
2023-04-14,-0.0024427919758124306
2023-04-17,0.003588251096636963
2023-04-18,0.0006521924141980051
2023-04-19,-0.00016902504710170074
2023-04-20,-0.005456854360458729
2023-04-21,0.0007768803975491956
2023-04-24,0.0010430840856283652
2023-04-25,-0.015873832886858508
2023-04-26,-0.00423545281097204
2023-04-27,0.019907913731063376
2023-04-28,0.008535088504447952
2023-05-01,-0.0010098035798262739
2023-05-02,-0.011238973712599298
2023-05-03,-0.006864208288947293
2023-05-04,-0.00708300683053209
2023-05-05,0.018512687732419097
2023-05-08,0.00026668285821762616
2023-05-09,-0.004385497645365999
2023-05-10,0.004672368966426754
2023-05-11,-0.0017439512922760025
2023-05-12,-0.001310190618347029
2023-05-15,0.003449990510034917
2023-05-16,-0.00668264624384729
2023-05-17,0.012138936769260367
2023-05-18,0.00963311895178287
2023-05-19,-0.0014551543307697035
2023-05-22,0.00040633870145989626
2023-05-23,-0.011222843874589938
2023-05-24,-0.007244767727471735
2023-05-25,0.008659868222557598
2023-05-26,0.012950585803238157
2023-05-30,0.00038098799505537073
2023-05-31,-0.005545111949878612
2023-06-01,0.009500810446272823
2023-06-02,0.014461291672279053
2023-06-05,-0.0019162097000630096
2023-06-06,0.002177387434340261
2023-06-07,-0.003457724968653264
2023-06-08,0.006048627395324413
2023-06-09,0.0017942614751011998
2023-06-12,0.009071797596873266
2023-06-13,0.0065931064932369665
2023-06-14,0.0011907890277025324
2023-06-15,0.012397650781575953
2023-06-16,-0.003406468727510825
2023-06-20,-0.005187933472085682
2023-06-21,-0.005123691950710607
2023-06-22,0.0036095637818025494
2023-06-23,-0.007559998603776541
2023-06-26,-0.004085668666200859
2023-06-27,0.010963307794132016
2023-06-28,0.0005045282994475819
2023-06-29,0.0039411322854037145
2023-06-30,0.01180091475834133
2023-07-03,0.0011503706189999185
2023-07-05,-0.0014872394413387724
2023-07-06,-0.00783057389395525
2023-07-07,-0.0025247359931801494
2023-07-10,0.002531126419153873
2023-07-11,0.006368470383345315
2023-07-12,0.008045970099074484
2023-07-13,0.007936934629058756
2023-07-14,-0.0006228860891427379
2023-07-17,0.0034722161018971853
2023-07-18,0.007430506489133792
2023-07-19,0.0022237857265108296
2023-07-20,-0.006634425064858895
2023-07-21,0.0
2023-07-24,0.004467201084995764
2023-07-25,0.002730066608185311
2023-07-26,0.0001538501878926013
2023-07-27,-0.006630048258550958
2023-07-28,0.00979033491976189
2023-07-31,0.0019041417891667578
2023-08-01,-0.0028615788802124342
2023-08-02,-0.013910870418613386
2023-08-03,-0.0028657997416606795
2023-08-04,-0.004522744711231486
2023-08-07,0.008728419642474838
2023-08-08,-0.004348796595855742
2023-08-09,-0.0066851008595815165
2023-08-10,0.00035901784315828245
2023-08-11,-0.0005833011763488605
2023-08-14,0.005520108127587964
2023-08-15,-0.011648902799156646
2023-08-16,-0.00733808692196658
2023-08-17,-0.007620017234869825
2023-08-18,0.00048137370550960235
2023-08-21,0.0065064490094968175
2023-08-22,-0.002708702702429844
2023-08-23,0.011137883552699845
2023-08-24,-0.013859284581662079
2023-08-25,0.007049798706136423
2023-08-28,0.006341520380933385
2023-08-29,0.014454686819769247
2023-08-30,0.004118870418318155
2023-08-31,-0.001463360569796901
2023-09-01,0.001865098828221834
2023-09-05,-0.004321914265616789
2023-09-06,-0.006722372421519296
2023-09-07,-0.003070231047149763
2023-09-08,0.0015060548746581581
2023-09-11,0.006576575301879606
2023-09-12,-0.005485570735918599
2023-09-13,0.0011659670580213
2023-09-14,0.00862247792166082
2023-09-15,-0.012048457170638294
2023-09-18,0.0005865743601718432
2023-09-19,-0.0020739709178729804
2023-09-20,-0.009193335553646098
2023-09-21,-0.016528289851392985
2023-09-22,-0.002248501529477198
2023-09-25,0.004204989459291708
2023-09-26,-0.014691108857898927
2023-09-27,0.0003991290167313366
2023-09-28,0.005797471679999111
2023-09-29,-0.002426943276471416
2023-10-02,-0.00039770897184476794
2023-10-03,-0.01338609666119528
2023-10-04,0.007281912133675128
2023-10-05,-0.0003767869225725917
2023-10-06,0.01187285277284822
2023-10-09,0.006402271751564159
2023-10-10,0.005204839419969964
2023-10-11,0.0040962567303299835
2023-10-12,-0.006096385366099577
2023-10-13,-0.004980947856252582
2023-10-16,0.010521496140540432
2023-10-17,-4.589630894502594e-05
2023-10-18,-0.01332501949415743
2023-10-19,-0.008786523905952914
2023-10-20,-0.012287904459305499
2023-10-23,-0.0017334542429533473
2023-10-24,0.007539543414235794
2023-10-25,-0.014352117543495413
2023-10-26,-0.011974765013323285
2023-10-27,-0.004532585663412969
2023-10-30,0.011955872339414864
2023-10-31,0.006280242441587536
2023-11-01,0.010664540752977514
2023-11-02,0.019164266593218127
2023-11-03,0.009123528237145573
2023-11-06,0.002300490037781655
2023-11-07,0.0028460458234895736
2023-11-08,0.0007322671919880452
2023-11-09,-0.007798613319965453
2023-11-10,0.015604787846028811
2023-11-13,-0.0009532526504951733
2023-11-14,0.019400844074291212
2023-11-15,0.002116945220050459
2023-11-16,0.001223092096714895
2023-11-17,0.0012439630842404625
2023-11-20,0.0076974850830067165
2023-11-21,-0.002179354867042904
2023-11-22,0.0038606247405479355
2023-11-24,0.0006155380876764482
2023-11-27,-0.0018008995207469125
2023-11-28,0.0009900730848266814
2023-11-29,-0.0007035020790051583
2023-11-30,0.003937566357772981
2023-12-01,0.005915794115564088
2023-12-04,-0.005249346358470519
2023-12-05,-0.00019712552008965822
2023-12-06,-0.004029702690346748
2023-12-07,0.007630356698994145
2023-12-08,0.004299178754217703
2023-12-11,0.003889599493412943
2023-12-12,0.004567143826289977
2023-12-13,0.013790132375123054
2023-12-14,0.0032093653866887006
2023-12-15,-0.0016465288275291368
2023-12-18,0.005625222098039062
2023-12-19,0.006080812478451492
2023-12-20,-0.013857328835340188
2023-12-21,0.00948187939793832
2023-12-22,0.0020097300784458483
2023-12-26,0.004222468662692824
2023-12-27,0.001808233403949533
2023-12-28,0.0003777122211576778
2023-12-29,-0.0028951180216645334
2024-01-02,-0.005596384226888906
2024-01-03,-0.008166415662149706
2024-01-04,-0.003221343123372966
2024-01-05,0.001369803384100532
2024-01-08,0.014275850257934763
2024-01-09,-0.001517061878663406
2024-01-10,0.005655398946911916
2024-01-11,-0.0004406070997181599
2024-01-12,0.0006927160733294357
2024-01-16,-0.0036711752397221575
2024-01-17,-0.0055586288622799795
2024-01-18,0.008892810333086754
2024-01-19,0.012466148799797905
2024-01-22,0.002114256523492175
2024-01-23,0.0029164787062068154
2024-01-24,0.0010931980516954987
2024-01-25,0.005438841931409755
2024-01-26,-0.0012703987052381516
2024-01-29,0.00791943782382476
2024-01-30,-0.0007734281174205382
2024-01-31,-0.016317324590489846
2024-02-01,0.013088049274004199
2024-02-02,0.010527425874265584
2024-02-05,-0.0036411961637197177
2024-02-06,0.002903317985603948
2024-02-07,0.008340496313372414
2024-02-08,0.00044168735932181846
2024-02-09,0.005779461760377247
2024-02-12,-0.00043901815743718764
2024-02-13,-0.013772988606368997
2024-02-14,0.009087539027314628
2024-02-15,0.006899667596438119
2024-02-16,-0.004979911580267116
2024-02-20,-0.005505507553040245
2024-02-21,0.0009060727187117923
2024-02-22,0.020695360626808768
2024-02-23,0.0006897199392619235
2024-02-26,-0.0036625789483393234
2024-02-27,0.0018577482984671878
2024-02-28,-0.0013217028608305537
2024-02-29,0.0035950303728897737
2024-03-01,0.009388330704717784
2024-03-04,-0.0010725214798540383
2024-03-05,-0.0099940695152958
2024-03-06,0.0050672532385653835
2024-03-07,0.009926451587278784
2024-03-08,-0.00600220881382052
2024-03-11,-0.0008598627131740644
2024-03-12,0.010757533916976536
2024-03-13,-0.001567772567551029
2024-03-14,-0.0019767611898465764
2024-03-15,-0.006866524332442836
2024-03-18,0.005943216707643639
2024-03-19,0.005556966175373823
2024-03-20,0.009249281931174469
2024-03-21,0.0033048525344137047
2024-03-22,-0.0018959932670662427
2024-03-25,-0.002762773784953154
2024-03-26,-0.001846911701943288
2024-03-27,0.008403683695332509
2024-03-28,-0.00019103901802708378
2024-04-01,-0.001739751905003195
2024-04-02,-0.006358076191276485
2024-04-03,0.001098474941059191
2024-04-04,-0.012206030849658323
2024-04-05,0.010446673974453757
2024-04-08,0.0005595560887270423
2024-04-09,0.0011566714639772435
2024-04-10,-0.010013105546115564
2024-04-11,0.007546924360555707
2024-04-12,-0.013803089030853033
2024-04-15,-0.012528044771019098
2024-04-16,-0.001823849648584619
2024-04-17,-0.005918300011035549
2024-04-18,-0.0020576433156114238
2024-04-19,-0.008728334684688588
2024-04-22,0.009209133674185965
2024-04-23,0.011866574121826012
2024-04-24,-0.0004745904155173397
2024-04-25,-0.0037988981322694126
2024-04-26,0.009473891460768158
2024-04-29,0.003541427118913587
2024-04-30,-0.015841227166982663
2024-05-01,-0.0032471503538188395
2024-05-02,0.00935338761440474
2024-05-03,0.012395457427453849
2024-05-06,0.01032679490968147
2024-05-07,0.0011033626837353427
2024-05-08,9.660297516567162e-05
2024-05-09,0.005761925997270323
2024-05-10,0.0012882289518023615
2024-05-13,0.00013418710833756897
2024-05-14,0.004588102052269782
2024-05-15,0.012383127726450782
2024-05-16,-0.002057402828565036
2024-05-17,0.0014374246623611864
2024-05-20,0.0011520539555727183
2024-05-21,0.0024527031885022144
2024-05-22,-0.0028795139861687025
2024-05-23,-0.007304162035511652
2024-05-24,0.006616275224273771
2024-05-28,0.0006989884084422915
2024-05-29,-0.007002629786867498
2024-05-30,-0.006633578797711093
2024-05-31,0.00910821310388088
2024-06-03,0.0008153591799815452
2024-06-04,0.0011176521585258836
2024-06-05,0.011885062660881296
2024-06-06,-1.8288546129729966e-05
2024-06-07,-0.0012159760875231074
2024-06-10,0.003089653838339146
2024-06-11,0.002408456253496727
2024-06-12,0.008212992649689665
2024-06-13,0.002013509852188289
2024-06-14,0.0006086167748049487
2024-06-17,0.007958595348801722
2024-06-18,0.0025408350120808
2024-06-20,-0.002716558424119553
2024-06-21,-0.0013407223559952497
2024-06-24,-0.0032506251621496896
2024-06-25,0.0038509844461762643
2024-06-26,0.0012479269069416432
2024-06-27,0.0015765763702069169
2024-06-28,-0.003935065191992049
2024-07-01,0.0020579089257337646
2024-07-02,0.006730006783740583
2024-07-03,0.004462519705327184
2024-07-05,0.005766370396420806
2024-07-08,0.0011538715866978855
2024-07-09,0.0009725098044246483
2024-07-10,0.009895281643110376
2024-07-11,-0.008622565598673693
2024-07-12,0.006307401768592014
2024-07-15,0.002750288222395536
2024-07-16,0.005930003592828914
2024-07-17,-0.014020906922318166
2024-07-18,-0.007685202095966237
2024-07-19,-0.006640190318583317
2024-07-22,0.0103096244709584
2024-07-23,-0.0015683944689509621
2024-07-24,-0.022662644692026945
2024-07-25,-0.0052103090560375875
2024-07-26,0.011199785362203674
2024-07-29,0.0005876871452474841
2024-07-30,-0.0050663262889381055
2024-07-31,0.016254382826145886
2024-08-01,-0.014160758032394472
2024-08-02,-0.018618599406991176
2024-08-05,-0.029123637608569286
2024-08-06,0.009219668190728836
2024-08-07,-0.006684163635648943
2024-08-08,0.02311742275053641
2024-08-09,0.0044093393832576044
2024-08-12,0.0005258741573528347
2024-08-13,0.016445375091212133
2024-08-14,0.003155010843296502
2024-08-15,0.017140046217431593
2024-08-16,0.002241993650433649
2024-08-19,0.009561318466884128
2024-08-20,-0.0016260607383481451
2024-08-21,0.003436683597532575
2024-08-22,-0.007848736322803807
2024-08-23,0.010625612969688891
2024-08-26,-0.0023839189947704176
2024-08-27,0.0013730708321384455
2024-08-28,-0.005805185814678704
2024-08-29,8.941711011511977e-05
2024-08-30,0.00954607361380333
2024-09-03,-0.020578918275010016
2024-09-04,-0.0020470571911881397
2024-09-05,-0.0024320677304666694
2024-09-06,-0.01683009220076248
2024-09-09,0.011196253508404475
2024-09-10,0.0043558010091993005
2024-09-11,0.010258962261036064
2024-09-12,0.008423121701785385
2024-09-13,0.00522267149470057
2024-09-16,0.001476815858716618
2024-09-17,0.0004087336229028349
2024-09-18,-0.002965714357998861
2024-09-19,0.01706426753929513
2024-09-20,-0.001728493464093095
2024-09-23,0.0024986851621617845
2024-09-24,0.002861487494578041
2024-09-25,-0.002205573781180359
2024-09-26,0.0039645812385114
2024-09-27,-0.0014503990937563271
2024-09-30,0.004007525213935548
2024-10-01,-0.00895860358689371
2024-10-02,0.0004221832658779512
2024-10-03,-0.0018282872845175602
2024-10-04,0.009087314968778681
2024-10-07,-0.009040375451706217
2024-10-08,0.009457661081755386
2024-10-09,0.006926264849700381
2024-10-10,-0.0017500368840644986
2024-10-11,0.005988234357958255
2024-10-14,0.008178347889252757
2024-10-15,-0.007769603150609483
2024-10-16,0.004346199138516971
2024-10-17,8.589744700593371e-05
2024-10-18,0.003846655742334004
2024-10-21,-0.0016422800212634314
2024-10-22,-0.0005310730001248931
2024-10-23,-0.009137365781024864
2024-10-24,0.0021626945959039023
2024-10-25,-0.0003452972949489208
2024-10-28,0.003091322288178766
2024-10-29,0.0016183796278272933
2024-10-30,-0.0030252091843017137
2024-10-31,-0.019603193652644957
2024-11-01,0.00422069834587524
2024-11-04,-0.002154001450108689
2024-11-05,0.012091704251122826
2024-11-06,0.024865703835035058
2024-11-07,0.007732061163874038
2024-11-08,0.0043317116431220715
2024-11-11,0.0009528857307679051
2024-11-12,-0.00310644007127725
2024-11-13,0.0004858730531422939
2024-11-14,-0.006430102156933848
2024-11-15,-0.012808639480448747
2024-11-18,0.004097197010638043
2024-11-19,0.003655686791583568
2024-11-20,0.00033861666072065866
2024-11-21,0.005368353297815709
2024-11-22,0.003099394453447868
2024-11-25,0.003392210018917652
2024-11-26,0.005221276438269529
2024-11-27,-0.0030298813060565255
2024-11-29,0.006212153757098493
2024-12-02,0.0017923271897524184
2024-12-03,0.0004637390430815014
2024-12-04,0.006209613761900323
2024-12-05,-0.0016457394823613525
2024-12-06,0.0018957972729021222
2024-12-09,-0.005149570061269371
2024-12-10,-0.0031091964247177417
2024-12-11,0.007730636209670516
2024-12-12,-0.005152639643455803
2024-12-13,-0.000198618165903941
2024-12-16,0.004270056430311087
2024-12-17,-0.004119991056842687
2024-12-18,-0.02980366423742742
2024-12-19,-0.0003070465374180875
2024-12-20,0.012011119986430563
2024-12-23,0.005988208201289202
2024-12-24,0.011114993282984376
2024-12-26,6.648855168323031e-05
2024-12-27,-0.010526378817907966
2024-12-30,-0.011411585176906436
2024-12-31,-0.0036380299989984266
2025-01-02,-0.002457229920794113
2025-01-03,0.012503512073356093
2025-01-06,0.005760615382937484
2025-01-07,-0.01130394116073763
2025-01-08,0.0014610113619921705
2025-01-10,-0.015267637013657076
2025-01-13,0.0015505849049237685
2025-01-14,0.001375843498309326
2025-01-15,0.018190030783588274
2025-01-16,-0.0019231018964384061
2025-01-17,0.010040006199192764
2025-01-21,0.00915327172145064
2025-01-22,0.0056217447976985024
2025-01-23,0.005457955612408583
2025-01-24,-0.0029193667721001404
2025-01-27,-0.014145357666793035
2025-01-28,0.008592523358097237
2025-01-29,-0.004482864005106779
2025-01-30,0.005366875401984439
2025-01-31,-0.005321911628030085
2025-02-03,-0.0067295534034903515
2025-02-04,0.006708369785656254
2025-02-05,0.004054526223509436
2025-02-06,0.0034757319339304704
2025-02-07,-0.009153716853202765
2025-02-10,0.006791328320455037
2025-02-11,0.0007604384781254581
2025-02-12,-0.003221382513584947
2025-02-13,0.010557500301983769
2025-02-14,-4.9380599289050586e-05
2025-02-18,0.002936101607280417
2025-02-19,0.00235491859815129
2025-02-20,-0.004160345694787626
2025-02-21,-0.01710410610424462
2025-02-24,-0.004550509873166075
2025-02-25,-0.004973182941032439
2025-02-26,0.0005047975617609168
2025-02-27,-0.015961911190013223
2025-02-28,0.01560549055036331
2025-03-03,-0.01751987501654706
2025-03-04,-0.011836867992038314
2025-03-05,0.010747839611165988
2025-03-06,-0.017751263194117906
2025-03-07,0.0056049948495140445
2025-03-10,-0.026635403858402795
2025-03-11,-0.00831300007873792
2025-03-12,0.005306599625433561
2025-03-13,-0.013330657012063596
2025-03-14,0.020655906135268243
2025-03-17,0.007711226486406764
2025-03-18,-0.010808489081722827
2025-03-19,0.010890847200155651
2025-03-20,-0.0028915897931346413
2025-03-21,0.0003298919546212975
2025-03-24,0.01790848775160092
2025-03-25,0.002403713718828193
2025-03-26,-0.011938122033753884
2025-03-27,-0.002655735881150312
2025-03-28,-0.020138321487112032
2025-03-31,0.006712800625198856
2025-04-01,0.0028245533885180585
2025-04-02,0.006328297594604848
2025-04-03,-0.04928091072982521
2025-04-04,-0.05854282631206209
2025-04-07,-0.0017811883433037634
2025-04-08,-0.01566281471228148
2025-04-09,0.10501925332407813
2025-04-10,-0.043818954699414436
2025-04-11,0.01784277577362925
2025-04-14,0.00970139106478829
2025-04-15,-0.0028007924327630995
2025-04-16,-0.02222796326408627
2025-04-17,0.0014267171117980926
2025-04-21,-0.02380270712392807
2025-04-22,0.02601775974219156
2025-04-23,0.015495362918822586
2025-04-24,0.02104903098185429
2025-04-25,0.0072251980963009554
2025-04-28,0.0003814976130547265
2025-04-29,0.006299276475910887
2025-04-30,0.00039694175083582195
2025-05-01,0.007086979683865069
2025-05-02,0.014844134866078829
2025-05-05,-0.005734324171199123
2025-05-06,-0.00835843551316362
2025-05-07,0.00420552756227166
2025-05-08,0.006967762571935099
2025-05-09,-0.0012741118157988396
2025-05-12,0.03304731973987329
2025-05-13,0.006604073855214221
2025-05-14,0.0012778715696883935
2025-05-15,0.004884496319431886
2025-05-16,0.006333938442399267
2025-05-19,0.0010938196429841618
2025-05-20,-0.003362153676216839
2025-05-21,-0.016850775346555102
2025-05-22,0.00039470808698149895
2025-05-23,-0.006825957405117156
2025-05-27,0.020790793819524644
2025-05-28,-0.005785347040202837
2025-05-29,0.003947231240857718
2025-05-30,-0.0011184011499958402
2025-06-02,0.005632921295571913
2025-06-03,0.005702557269405606
2025-06-04,-0.00026851243178294126
2025-06-05,-0.004832756264298466
2025-06-06,0.010269030973764526
2025-06-09,0.0009012287764704752
2025-06-10,0.005669718390465928
2025-06-11,-0.002851975015019881
2025-06-12,0.0039742753822695764
2025-06-13,-0.011179957269386476
2025-06-16,0.009514031506572485
2025-06-17,-0.008545069578243969
2025-06-18,-0.0001507130904417897
2025-06-20,-0.0023483706546907346
2025-06-23,0.009877277029178178
2025-06-24,0.011047290002159427
2025-06-25,0.0005602827185173798
2025-06-26,0.00782401381575304
2025-06-27,0.004968321792254926
2025-06-30,0.004781078490475821
2025-07-01,-0.00032361428413474336
2025-07-02,0.00453326557880418
2025-07-03,0.007881499705939321
2025-07-07,-0.007452069870285016
2025-07-08,-0.0005477352950125081
2025-07-09,0.005996656078344209
2025-07-10,0.002820159388102761
2025-07-11,-0.0035153102217636567
2025-07-14,0.0019081841138897104
2025-07-15,-0.004273212189356279
2025-07-16,0.0033431741923299896
2025-07-17,0.006119736739210957
2025-07-18,-0.0007324327901533367
2025-07-21,0.001896143492131186
2025-07-22,0.00014309729281114514
2025-07-23,0.008507477186705525
2025-07-24,0.0003311269877350753
2025-07-25,0.00422424088026685
2025-07-28,-0.00025097216601477346
2025-07-29,-0.0026376616892719307
2025-07-30,-0.0012592724779846298
2025-07-31,-0.0037512610547767444
2025-08-01,-0.01639041762130744
2025-08-04,0.015199764160073403
2025-08-05,-0.005069926343612585
2025-08-06,0.007659758716372034
2025-08-07,-0.0008376363499652539
2025-08-08,0.007797554069860935
2025-08-11,-0.00197750115446238
2025-08-12,0.010645980769615315
2025-08-13,0.003423132386020322
2025-08-14,9.310926376882023e-05
2025-08-15,-0.0023412933863844465
2025-08-18,-0.0002176166478941033
2025-08-19,-0.005425196437217061
2025-08-20,-0.002657080804944645
2025-08-21,-0.004011809805612443
2025-08-22,0.015356833041096918
2025-08-25,-0.004401115665894628
2025-08-26,0.004187065214133812
2025-08-27,0.002278452752666471
2025-08-28,0.0035415153417788225
2025-08-29,-0.0059638290232071345
2025-09-02,-0.0074102526816088865
2025-09-03,0.005419546163007771
2025-09-04,0.008357609276254063
2025-09-05,-0.00289647876330712
2025-09-08,0.0024568640068374226
2025-09-09,0.002311693956639438
2025-09-10,0.002890900188266654
2025-09-11,0.008310100433307488
2025-09-12,-0.000334630440747552
2025-09-15,0.0053240571686796745
2025-09-16,-0.0013768848246955567
2025-09-17,-0.0012423635595048
2025-09-18,0.0046724054804268
2025-09-19,0.004952868450893266
2025-09-22,0.004731049353107419
2025-09-23,-0.005443470649980853
2025-09-24,-0.0031816642308674092
2025-09-25,-0.004613467564511753
2025-09-26,0.005729127602591033
2025-09-29,0.0028103535347194786
2025-09-30,0.003766834755358328
2025-10-01,0.0034075722246513784
2025-10-02,0.0011517326256851312
2025-10-03,-1.4805406382656372e-05
2025-10-06,0.003586271966467658
2025-10-07,-0.0037075138893177817
2025-10-08,0.005963055269571305
2025-10-09,-0.002896974724933221
2025-10-10,-0.027027862178845674
2025-10-13,0.015344118135168339
2025-10-14,-0.0012216462876413203
2025-10-15,0.004439622839291779
2025-10-16,-0.006810318970138396
2025-10-17,0.0056762988463516795
2025-10-20,0.010400500262923273
2025-10-21,-1.503455288609512e-05
2025-10-22,-0.005198824867010954
2025-10-23,0.005929962705964353
2025-10-24,0.008172554694480416
2025-10-27,0.011797664492784632
2025-10-28,0.002656016019079832
2025-10-29,0.0004802810674313651
2025-10-30,-0.010998098598900663
2025-10-31,0.0032802220875831622
2025-11-03,0.0018767398754619968
2025-11-04,-0.01185354736001909
2025-11-05,0.0034653852011290454
2025-11-06,-0.010729363869237507
2025-11-07,0.000984565078659072
2025-11-10,0.01560437034633999
2025-11-11,0.002289177027853917
2025-11-12,0.0005563903663643455
2025-11-13,-0.016593996414786205
2025-11-14,-0.0001635496688257021
2025-11-17,-0.009316528985265693
2025-11-18,-0.0083974608943449
2025-11-19,0.0038631762831033978
2025-11-20,-0.015242318774626007
2025-11-21,0.009961232480063087
2025-11-24,0.014718418739979588
2025-11-25,0.00940592893130443
2025-11-26,0.006903582418005261
2025-11-28,0.0054584342293309
2025-12-01,-0.004565470301164498
2025-12-02,0.0018522768711999316
2025-12-03,0.003462749080359595
2025-12-04,0.0007310498015529188
2025-12-05,0.0018994848443159018
2025-12-08,-0.0030042091058060105
2025-12-09,-0.000863208114894487
2025-12-10,0.006632325948745521
2025-12-11,0.0023269460314641055
2025-12-12,-0.010752075575282682
2025-12-15,-0.0015108085502177904
2025-12-16,-0.002732285145230273
2025-12-17,-0.011003593983400228
2025-12-18,0.00755126270975226
2025-12-19,0.009063506223587092
2025-12-22,0.00622989400678442
2025-12-23,0.0045704023396588855
2025-12-24,0.003517674396244841
2025-12-26,-0.00010140966545213459
2025-12-29,-0.0035636535074947684
2025-12-30,-0.0012211244085722495
2025-12-31,-0.0074089416209803804
2026-01-02,0.0018329931020035772
2026-01-05,0.006660117292359935
2026-01-06,0.0059472480516442605
2026-01-07,-0.003223412281198157
2026-01-08,-0.00010152731427326422
2026-01-09,0.006613382996888628
2026-01-12,0.00157043300066384
2026-01-13,-0.0019995067653818532
2026-01-14,-0.0049151644595419874
2026-01-15,0.002723208385480236
2026-01-16,-0.000837905189162047
2026-01-20,-0.02035680001149731
2026-01-21,0.0115411092816613
2026-01-22,0.005223257672714476
2026-01-23,0.00036273518897367296
2026-01-26,0.005078142735685631
2026-01-27,0.0039842543077575066
2026-01-28,-0.0001006645803248718
2026-01-29,-0.001984377154833794
2026-01-30,-0.002982572514766746
2026-02-02,0.004971400525214165
2026-02-03,-0.008455473390127866
2026-02-04,-0.004843853725993386
2026-02-05,-0.012489284060324235
2026-02-06,0.01918478647681998
2026-02-09,0.004821815563577747
2026-02-10,-0.0026371459581814305
2026-02-11,-0.00023112214366449724
2026-02-12,-0.01544885969788623
2026-02-13,0.0007044991031190939
2026-02-17,0.0016134830190519533
2026-02-18,0.005037707550576753
2026-02-19,-0.002637433731113581
2026-02-20,0.007231939581382241
2026-02-23,-0.010211366038766267
2026-02-24,0.00726847527019836
2026-02-25,0.008438306300538434
2026-02-26,-0.005554445579207146
2026-02-27,-0.004801940858611298
2026-03-02,0.0005686124327104469
2026-03-03,-0.008814339520359149
2026-03-04,0.00705526576749449
2026-03-05,-0.005575491873376914
2026-03-06,-0.01310712873041986
2026-03-09,0.00875996072290297
2026-03-10,-0.0016071058958396778
2026-03-11,-0.0012551345486657706
2026-03-12,-0.015184966271003186
2026-03-13,-0.00566013575260893
2026-03-16,0.01017686501045656
2026-03-17,0.002630544991105488
2026-03-18,-0.013953644515257158
2026-03-19,-0.002464288275344284
2026-03-20,-0.014335787930812693
2026-03-23,0.010499991225476402
2026-03-24,-0.0033568144771775055
2026-03-25,0.0055726882440485515
2026-03-26,-0.017858729983344035
2026-03-27,-0.01705189415742525
2026-03-30,-0.0033433906874337227
2026-03-31,0.029067865784757174
2026-04-01,0.00753449141030349
2026-04-02,0.0009004595313388819
2026-04-06,0.004726845083763864
2026-04-07,0.0004400005646272298
2026-04-08,0.02546963651219092
2026-04-09,0.005769017699185586
2026-04-10,-0.0006617754265585418
2026-04-13,0.009772447246481741
2026-04-14,0.012184877209840739
2026-04-15,0.007890969227043909
2026-04-16,0.002457347646937613
2026-04-17,0.012085686101644066
2026-04-20,-0.0019997351150194964
2026-04-21,-0.006546892848539487
2026-04-22,0.01012671209511895
2026-04-23,-0.0038807408683984024
2026-04-24,0.007749309237231605
2026-04-27,0.001722787837563633
2026-04-28,-0.004865992267119479
2026-04-29,-0.00015450932498595193
2026-04-30,0.009949633527564838
2026-05-01,0.0027690952923506984
2026-05-04,-0.0036633921467564834
2026-05-05,0.008022228723942426
2026-05-06,0.013899399692774095
2026-05-07,-0.0030660824190705815
2026-05-08,0.00825609701116825
2026-05-11,0.002277563042387465
2026-05-12,-0.0015149526145865622
2026-05-13,0.00559483781461112
2026-05-14,0.0078943149045545
2026-05-15,-0.012029343756796207
2026-05-18,-0.0007035093177317764
2026-05-19,-0.0066607880874933745
2026-05-20,0.010248994582563453
2026-05-21,0.0019830877010671433
2026-05-22,0.003931549076803931
2026-05-26,0.006638641352187502
2026-05-27,-0.0001732421647460125
2026-05-28,0.005516578600909927
2026-05-29,0.0024914048034492264
2026-06-01,0.0027231134609038143
2026-06-02,0.0013579397972762752
2026-06-03,-0.00701718232049986
2026-06-04,0.0037786857621391334
2026-06-05,-0.025809371248925683
2026-06-08,0.002264172608771542
2026-06-09,-0.0029354505508077944
2026-06-10,-0.015765562508027298
2026-06-11,0.016996847886747934
2026-06-12,0.005408247901529384
2026-06-15,0.01763396989375332
2026-06-16,-0.005961562844234103
2026-06-17,-0.012487870885051433
2026-06-18,0.010396992441959574
2026-06-22,-0.003146979693962715
2026-06-23,-0.014521954010491611
2026-06-24,-0.0004635170636431152
2026-06-25,0.0014456352254532678
2026-06-26,-0.007231373616869652
2026-06-29,0.016474862380159383
2026-06-30,0.007786800986842035
2026-07-01,-0.001352504438058455
2026-07-02,-0.001314069480687241
2026-07-06,0.008727409093039817
2026-07-07,-0.004751899671231685
2026-07-08,-0.0030894297130047432
2026-07-09,0.00846525000257925
2026-07-10,0.0043101596888019955
2026-07-13,-0.007656174850540931
2026-07-14,0.00355064169730146
2026-07-15,0.003963635929681075
2026-07-16,-0.005418617756386079
2026-07-17,-0.009897156017872222
